dataset,case_id,method,internal_id,dice@0.5,recall@0.5,cldice@0.5,image_path,gt_path,fov_path
CHASE_DB1 (1st observer),Image_01L,Baseline (P0),P0_baseline,0.19075568598679385,0.10884353741496598,0.4994997361807545,C:\Users\zhang\Desktop\vessel\CHASE_DB1\Image_01L.jpg,C:\Users\zhang\Desktop\vessel\CHASE_DB1\Image_01L_1stHO.png,
CHASE_DB1 (1st observer),Image_01L,CDC (proposed; internal J3),J3_joint_detach_false,0.3120687064371829,0.20182402631382224,0.5169496335315241,C:\Users\zhang\Desktop\vessel\CHASE_DB1\Image_01L.jpg,C:\Users\zhang\Desktop\vessel\CHASE_DB1\Image_01L_1stHO.png,
CHASE_DB1 (1st observer),Image_01R,Baseline (P0),P0_baseline,0.13567440160328725,0.07389000247123755,0.4795347006822687,C:\Users\zhang\Desktop\vessel\CHASE_DB1\Image_01R.jpg,C:\Users\zhang\Desktop\vessel\CHASE_DB1\Image_01R_1stHO.png,
CHASE_DB1 (1st observer),Image_01R,CDC (proposed; internal J3),J3_joint_detach_false,0.2881184036020373,0.17746231362750212,0.5511752388053384,C:\Users\zhang\Desktop\vessel\CHASE_DB1\Image_01R.jpg,C:\Users\zhang\Desktop\vessel\CHASE_DB1\Image_01R_1stHO.png,
CHASE_DB1 (1st observer),Image_02L,Baseline (P0),P0_baseline,0.15514461179538203,0.0871626831148805,0.4895316111435481,C:\Users\zhang\Desktop\vessel\CHASE_DB1\Image_02L.jpg,C:\Users\zhang\Desktop\vessel\CHASE_DB1\Image_02L_1stHO.png,
CHASE_DB1 (1st observer),Image_02L,CDC (proposed; internal J3),J3_joint_detach_false,0.28857325344444784,0.18288357748650733,0.5543574016768952,C:\Users\zhang\Desktop\vessel\CHASE_DB1\Image_02L.jpg,C:\Users\zhang\Desktop\vessel\CHASE_DB1\Image_02L_1stHO.png,
CHASE_DB1 (1st observer),Image_02R,Baseline (P0),P0_baseline,0.1070500950700287,0.05751101615703031,0.5019055778499035,C:\Users\zhang\Desktop\vessel\CHASE_DB1\Image_02R.jpg,C:\Users\zhang\Desktop\vessel\CHASE_DB1\Image_02R_1stHO.png,
CHASE_DB1 (1st observer),Image_02R,CDC (proposed; internal J3),J3_joint_detach_false,0.2343235801114867,0.13976498865002002,0.5490805169387597,C:\Users\zhang\Desktop\vessel\CHASE_DB1\Image_02R.jpg,C:\Users\zhang\Desktop\vessel\CHASE_DB1\Image_02R_1stHO.png,
CHASE_DB1 (1st observer),Image_03L,Baseline (P0),P0_baseline,0.14514381995426645,0.08019043566147135,0.5337598121361998,C:\Users\zhang\Desktop\vessel\CHASE_DB1\Image_03L.jpg,C:\Users\zhang\Desktop\vessel\CHASE_DB1\Image_03L_1stHO.png,
CHASE_DB1 (1st observer),Image_03L,CDC (proposed; internal J3),J3_joint_detach_false,0.3696461731493099,0.2448667482312889,0.6466075452545462,C:\Users\zhang\Desktop\vessel\CHASE_DB1\Image_03L.jpg,C:\Users\zhang\Desktop\vessel\CHASE_DB1\Image_03L_1stHO.png,
CHASE_DB1 (1st observer),Image_03R,Baseline (P0),P0_baseline,0.12506968023108497,0.06815702627690863,0.5317487294950867,C:\Users\zhang\Desktop\vessel\CHASE_DB1\Image_03R.jpg,C:\Users\zhang\Desktop\vessel\CHASE_DB1\Image_03R_1stHO.png,
CHASE_DB1 (1st observer),Image_03R,CDC (proposed; internal J3),J3_joint_detach_false,0.30563445405905276,0.19167092417945072,0.6181409986343624,C:\Users\zhang\Desktop\vessel\CHASE_DB1\Image_03R.jpg,C:\Users\zhang\Desktop\vessel\CHASE_DB1\Image_03R_1stHO.png,
CHASE_DB1 (1st observer),Image_04L,Baseline (P0),P0_baseline,0.10018825817551646,0.05345359727543635,0.4846865525538834,C:\Users\zhang\Desktop\vessel\CHASE_DB1\Image_04L.jpg,C:\Users\zhang\Desktop\vessel\CHASE_DB1\Image_04L_1stHO.png,
CHASE_DB1 (1st observer),Image_04L,CDC (proposed; internal J3),J3_joint_detach_false,0.20717633711135813,0.12025063856960409,0.5443682709109575,C:\Users\zhang\Desktop\vessel\CHASE_DB1\Image_04L.jpg,C:\Users\zhang\Desktop\vessel\CHASE_DB1\Image_04L_1stHO.png,
CHASE_DB1 (1st observer),Image_04R,Baseline (P0),P0_baseline,0.11017116849708124,0.06033268313827481,0.40944417086069973,C:\Users\zhang\Desktop\vessel\CHASE_DB1\Image_04R.jpg,C:\Users\zhang\Desktop\vessel\CHASE_DB1\Image_04R_1stHO.png,
CHASE_DB1 (1st observer),Image_04R,CDC (proposed; internal J3),J3_joint_detach_false,0.18509940392912988,0.10663198959687907,0.4957335308554104,C:\Users\zhang\Desktop\vessel\CHASE_DB1\Image_04R.jpg,C:\Users\zhang\Desktop\vessel\CHASE_DB1\Image_04R_1stHO.png,
CHASE_DB1 (1st observer),Image_05L,Baseline (P0),P0_baseline,0.22377685097986458,0.13141781119553336,0.587684825618118,C:\Users\zhang\Desktop\vessel\CHASE_DB1\Image_05L.jpg,C:\Users\zhang\Desktop\vessel\CHASE_DB1\Image_05L_1stHO.png,
CHASE_DB1 (1st observer),Image_05L,CDC (proposed; internal J3),J3_joint_detach_false,0.2760843263846508,0.16977653704849818,0.5837211361475368,C:\Users\zhang\Desktop\vessel\CHASE_DB1\Image_05L.jpg,C:\Users\zhang\Desktop\vessel\CHASE_DB1\Image_05L_1stHO.png,
CHASE_DB1 (1st observer),Image_05R,Baseline (P0),P0_baseline,0.21102183611678738,0.12076460575780953,0.59969682204095,C:\Users\zhang\Desktop\vessel\CHASE_DB1\Image_05R.jpg,C:\Users\zhang\Desktop\vessel\CHASE_DB1\Image_05R_1stHO.png,
CHASE_DB1 (1st observer),Image_05R,CDC (proposed; internal J3),J3_joint_detach_false,0.24808104985143611,0.1472270183559262,0.5840950838509508,C:\Users\zhang\Desktop\vessel\CHASE_DB1\Image_05R.jpg,C:\Users\zhang\Desktop\vessel\CHASE_DB1\Image_05R_1stHO.png,
CHASE_DB1 (1st observer),Image_06L,Baseline (P0),P0_baseline,0.13242123760512112,0.07262239110083155,0.45583417812348087,C:\Users\zhang\Desktop\vessel\CHASE_DB1\Image_06L.jpg,C:\Users\zhang\Desktop\vessel\CHASE_DB1\Image_06L_1stHO.png,
CHASE_DB1 (1st observer),Image_06L,CDC (proposed; internal J3),J3_joint_detach_false,0.2533823662943794,0.15367035629715292,0.5347954674560434,C:\Users\zhang\Desktop\vessel\CHASE_DB1\Image_06L.jpg,C:\Users\zhang\Desktop\vessel\CHASE_DB1\Image_06L_1stHO.png,
CHASE_DB1 (1st observer),Image_06R,Baseline (P0),P0_baseline,0.09634334404976606,0.051359937576635824,0.48213366447035905,C:\Users\zhang\Desktop\vessel\CHASE_DB1\Image_06R.jpg,C:\Users\zhang\Desktop\vessel\CHASE_DB1\Image_06R_1stHO.png,
CHASE_DB1 (1st observer),Image_06R,CDC (proposed; internal J3),J3_joint_detach_false,0.235411401942828,0.14148366960205105,0.5509260887679313,C:\Users\zhang\Desktop\vessel\CHASE_DB1\Image_06R.jpg,C:\Users\zhang\Desktop\vessel\CHASE_DB1\Image_06R_1stHO.png,
CHASE_DB1 (1st observer),Image_07L,Baseline (P0),P0_baseline,0.16698606477866892,0.0944858699580985,0.5172484692943656,C:\Users\zhang\Desktop\vessel\CHASE_DB1\Image_07L.jpg,C:\Users\zhang\Desktop\vessel\CHASE_DB1\Image_07L_1stHO.png,
CHASE_DB1 (1st observer),Image_07L,CDC (proposed; internal J3),J3_joint_detach_false,0.343102535922172,0.22567905862193605,0.5992858639084366,C:\Users\zhang\Desktop\vessel\CHASE_DB1\Image_07L.jpg,C:\Users\zhang\Desktop\vessel\CHASE_DB1\Image_07L_1stHO.png,
CHASE_DB1 (1st observer),Image_07R,Baseline (P0),P0_baseline,0.1060107918182959,0.05788838943098344,0.4351703493376099,C:\Users\zhang\Desktop\vessel\CHASE_DB1\Image_07R.jpg,C:\Users\zhang\Desktop\vessel\CHASE_DB1\Image_07R_1stHO.png,
CHASE_DB1 (1st observer),Image_07R,CDC (proposed; internal J3),J3_joint_detach_false,0.3139467029760747,0.19907356649490188,0.5870991609511997,C:\Users\zhang\Desktop\vessel\CHASE_DB1\Image_07R.jpg,C:\Users\zhang\Desktop\vessel\CHASE_DB1\Image_07R_1stHO.png,
CHASE_DB1 (1st observer),Image_08L,Baseline (P0),P0_baseline,0.12616366311679608,0.06980943475316803,0.36863584183254666,C:\Users\zhang\Desktop\vessel\CHASE_DB1\Image_08L.jpg,C:\Users\zhang\Desktop\vessel\CHASE_DB1\Image_08L_1stHO.png,
CHASE_DB1 (1st observer),Image_08L,CDC (proposed; internal J3),J3_joint_detach_false,0.1783839053777704,0.10406926127752877,0.37221940179170165,C:\Users\zhang\Desktop\vessel\CHASE_DB1\Image_08L.jpg,C:\Users\zhang\Desktop\vessel\CHASE_DB1\Image_08L_1stHO.png,
CHASE_DB1 (1st observer),Image_08R,Baseline (P0),P0_baseline,0.0766685222985093,0.04068269467465332,0.4130024309691093,C:\Users\zhang\Desktop\vessel\CHASE_DB1\Image_08R.jpg,C:\Users\zhang\Desktop\vessel\CHASE_DB1\Image_08R_1stHO.png,
CHASE_DB1 (1st observer),Image_08R,CDC (proposed; internal J3),J3_joint_detach_false,0.13179258392452278,0.0739312382046443,0.39160862212374137,C:\Users\zhang\Desktop\vessel\CHASE_DB1\Image_08R.jpg,C:\Users\zhang\Desktop\vessel\CHASE_DB1\Image_08R_1stHO.png,
CHASE_DB1 (1st observer),Image_09L,Baseline (P0),P0_baseline,0.18875927889713678,0.1063803478690957,0.5673129882345809,C:\Users\zhang\Desktop\vessel\CHASE_DB1\Image_09L.jpg,C:\Users\zhang\Desktop\vessel\CHASE_DB1\Image_09L_1stHO.png,
CHASE_DB1 (1st observer),Image_09L,CDC (proposed; internal J3),J3_joint_detach_false,0.27530868136425996,0.17782952765641744,0.46089570481174813,C:\Users\zhang\Desktop\vessel\CHASE_DB1\Image_09L.jpg,C:\Users\zhang\Desktop\vessel\CHASE_DB1\Image_09L_1stHO.png,
CHASE_DB1 (1st observer),Image_09R,Baseline (P0),P0_baseline,0.2707613652065773,0.16055224400335935,0.6002920426857887,C:\Users\zhang\Desktop\vessel\CHASE_DB1\Image_09R.jpg,C:\Users\zhang\Desktop\vessel\CHASE_DB1\Image_09R_1stHO.png,
CHASE_DB1 (1st observer),Image_09R,CDC (proposed; internal J3),J3_joint_detach_false,0.35262233993409503,0.23453983080358057,0.5297397618788713,C:\Users\zhang\Desktop\vessel\CHASE_DB1\Image_09R.jpg,C:\Users\zhang\Desktop\vessel\CHASE_DB1\Image_09R_1stHO.png,
CHASE_DB1 (1st observer),Image_10L,Baseline (P0),P0_baseline,0.13099523864824061,0.07510486716825354,0.38882770341922257,C:\Users\zhang\Desktop\vessel\CHASE_DB1\Image_10L.jpg,C:\Users\zhang\Desktop\vessel\CHASE_DB1\Image_10L_1stHO.png,
CHASE_DB1 (1st observer),Image_10L,CDC (proposed; internal J3),J3_joint_detach_false,0.22307423286659844,0.14333510886210798,0.43062445783892034,C:\Users\zhang\Desktop\vessel\CHASE_DB1\Image_10L.jpg,C:\Users\zhang\Desktop\vessel\CHASE_DB1\Image_10L_1stHO.png,
CHASE_DB1 (1st observer),Image_10R,Baseline (P0),P0_baseline,0.11465357738122543,0.06314530663118358,0.42046178294528513,C:\Users\zhang\Desktop\vessel\CHASE_DB1\Image_10R.jpg,C:\Users\zhang\Desktop\vessel\CHASE_DB1\Image_10R_1stHO.png,
CHASE_DB1 (1st observer),Image_10R,CDC (proposed; internal J3),J3_joint_detach_false,0.23351192580706573,0.14461605834498323,0.5096103443007947,C:\Users\zhang\Desktop\vessel\CHASE_DB1\Image_10R.jpg,C:\Users\zhang\Desktop\vessel\CHASE_DB1\Image_10R_1stHO.png,
CHASE_DB1 (1st observer),Image_11L,Baseline (P0),P0_baseline,0.33413461538461536,0.21481249633208788,0.6403605783941841,C:\Users\zhang\Desktop\vessel\CHASE_DB1\Image_11L.jpg,C:\Users\zhang\Desktop\vessel\CHASE_DB1\Image_11L_1stHO.png,
CHASE_DB1 (1st observer),Image_11L,CDC (proposed; internal J3),J3_joint_detach_false,0.3723090615786839,0.2618595825426945,0.5757826479265877,C:\Users\zhang\Desktop\vessel\CHASE_DB1\Image_11L.jpg,C:\Users\zhang\Desktop\vessel\CHASE_DB1\Image_11L_1stHO.png,
CHASE_DB1 (1st observer),Image_11R,Baseline (P0),P0_baseline,0.23183488832343793,0.13631118846928597,0.5957819466774478,C:\Users\zhang\Desktop\vessel\CHASE_DB1\Image_11R.jpg,C:\Users\zhang\Desktop\vessel\CHASE_DB1\Image_11R_1stHO.png,
CHASE_DB1 (1st observer),Image_11R,CDC (proposed; internal J3),J3_joint_detach_false,0.2703471560091908,0.16912756928011266,0.5173042651877415,C:\Users\zhang\Desktop\vessel\CHASE_DB1\Image_11R.jpg,C:\Users\zhang\Desktop\vessel\CHASE_DB1\Image_11R_1stHO.png,
CHASE_DB1 (1st observer),Image_12L,Baseline (P0),P0_baseline,0.10790457491729646,0.05811797427280102,0.531091533193624,C:\Users\zhang\Desktop\vessel\CHASE_DB1\Image_12L.jpg,C:\Users\zhang\Desktop\vessel\CHASE_DB1\Image_12L_1stHO.png,
CHASE_DB1 (1st observer),Image_12L,CDC (proposed; internal J3),J3_joint_detach_false,0.20692868968054448,0.12221868119133156,0.5183978563943794,C:\Users\zhang\Desktop\vessel\CHASE_DB1\Image_12L.jpg,C:\Users\zhang\Desktop\vessel\CHASE_DB1\Image_12L_1stHO.png,
CHASE_DB1 (1st observer),Image_12R,Baseline (P0),P0_baseline,0.1896437264881611,0.10941822360301315,0.515975255220059,C:\Users\zhang\Desktop\vessel\CHASE_DB1\Image_12R.jpg,C:\Users\zhang\Desktop\vessel\CHASE_DB1\Image_12R_1stHO.png,
CHASE_DB1 (1st observer),Image_12R,CDC (proposed; internal J3),J3_joint_detach_false,0.2871598705645565,0.18317231987062177,0.5650116126785107,C:\Users\zhang\Desktop\vessel\CHASE_DB1\Image_12R.jpg,C:\Users\zhang\Desktop\vessel\CHASE_DB1\Image_12R_1stHO.png,
CHASE_DB1 (1st observer),Image_13L,Baseline (P0),P0_baseline,0.17611213574326817,0.10117998101179981,0.41760347678864573,C:\Users\zhang\Desktop\vessel\CHASE_DB1\Image_13L.jpg,C:\Users\zhang\Desktop\vessel\CHASE_DB1\Image_13L_1stHO.png,
CHASE_DB1 (1st observer),Image_13L,CDC (proposed; internal J3),J3_joint_detach_false,0.23949080622347949,0.14353044893530448,0.4787358898985832,C:\Users\zhang\Desktop\vessel\CHASE_DB1\Image_13L.jpg,C:\Users\zhang\Desktop\vessel\CHASE_DB1\Image_13L_1stHO.png,
CHASE_DB1 (1st observer),Image_13R,Baseline (P0),P0_baseline,0.13611491108071136,0.07549690721649485,0.4224577342964625,C:\Users\zhang\Desktop\vessel\CHASE_DB1\Image_13R.jpg,C:\Users\zhang\Desktop\vessel\CHASE_DB1\Image_13R_1stHO.png,
CHASE_DB1 (1st observer),Image_13R,CDC (proposed; internal J3),J3_joint_detach_false,0.15432269323056788,0.08752164948453608,0.4017142202235983,C:\Users\zhang\Desktop\vessel\CHASE_DB1\Image_13R.jpg,C:\Users\zhang\Desktop\vessel\CHASE_DB1\Image_13R_1stHO.png,
CHASE_DB1 (1st observer),Image_14L,Baseline (P0),P0_baseline,0.20848325673013787,0.12024904185539212,0.5774280957189423,C:\Users\zhang\Desktop\vessel\CHASE_DB1\Image_14L.jpg,C:\Users\zhang\Desktop\vessel\CHASE_DB1\Image_14L_1stHO.png,
CHASE_DB1 (1st observer),Image_14L,CDC (proposed; internal J3),J3_joint_detach_false,0.2602351134069147,0.15912017329919864,0.5490256773885815,C:\Users\zhang\Desktop\vessel\CHASE_DB1\Image_14L.jpg,C:\Users\zhang\Desktop\vessel\CHASE_DB1\Image_14L_1stHO.png,
CHASE_DB1 (1st observer),Image_14R,Baseline (P0),P0_baseline,0.11549025447566101,0.062200360013545064,0.5273900911325264,C:\Users\zhang\Desktop\vessel\CHASE_DB1\Image_14R.jpg,C:\Users\zhang\Desktop\vessel\CHASE_DB1\Image_14R_1stHO.png,
CHASE_DB1 (1st observer),Image_14R,CDC (proposed; internal J3),J3_joint_detach_false,0.16860609831985066,0.09657987132189132,0.5188161349667406,C:\Users\zhang\Desktop\vessel\CHASE_DB1\Image_14R.jpg,C:\Users\zhang\Desktop\vessel\CHASE_DB1\Image_14R_1stHO.png,
