sample_id,patch_name,is_hard,sci_res2_norm,baseline_dice,ours_dice,delta_dice,baseline_recall,ours_recall,delta_recall,baseline_fp_pixels,ours_fp_pixels,delta_fp_pixels,baseline_fn_pixels,ours_fn_pixels,delta_fn_pixels
21,21_y64_x64.png,False,0.4269723892211914,0.9113162159919739,0.917754054069519,0.006437838077545166,0.9058635783571456,0.9258077346397776,0.01994415628263202,206,230,24,236,186,-50
21,21_y64_x128.png,False,0.42049455642700195,0.9134310483932495,0.9195060133934021,0.006074965000152588,0.894114164761567,0.9139307870040497,0.019816622242482707,215,250,35,358,291,-67
21,21_y64_x192.png,False,0.3798713982105255,0.894508421421051,0.9001479148864746,0.005639493465423584,0.8879730202773585,0.9119520385464517,0.02397901826909321,260,305,45,299,235,-64
21,21_y64_x256.png,False,0.42139333486557007,0.8840436339378357,0.8874585628509521,0.003414928913116455,0.9024686325274437,0.9206798829596119,0.018211250432168202,344,381,37,241,196,-45
21,21_y64_x320.png,False,0.4316003620624542,0.8684014678001404,0.8727537393569946,0.004352271556854248,0.8943338392325991,0.917304742637546,0.022970903404946896,324,362,38,207,162,-45
21,21_y128_x64.png,False,0.3837968707084656,0.9101602435112,0.9055627584457397,-0.004597485065460205,0.9119033561817814,0.9281084239006823,0.016205067718900845,312,413,101,299,244,-55
21,21_y128_x128.png,False,0.4292093813419342,0.9087534546852112,0.911608099937439,0.002854645252227783,0.9198497153417353,0.9380087635002856,0.018159048158550295,334,383,49,256,198,-58
21,21_y128_x192.png,False,0.38636189699172974,0.8978176712989807,0.9019607901573181,0.004143118858337402,0.9095041284731233,0.9219008226367734,0.01239669416365008,282,296,14,219,189,-30
21,21_y128_x256.png,False,0.4006681740283966,0.8742667436599731,0.8823232054710388,0.008056461811065674,0.890852386222181,0.9080041532848017,0.01715176706262067,283,289,6,210,177,-33
21,21_y128_x320.png,False,0.4678260087966919,0.8032454252243042,0.8080971837043762,0.0048517584800720215,0.8714788655679677,0.8785211190271028,0.007042253459135117,339,336,-3,146,138,-8
21,21_y128_x384.png,False,0.5694952011108398,0.6934131979942322,0.692307710647583,-0.00110548734664917,0.7130541784106629,0.6982758534695093,-0.014778324941153609,279,259,-20,233,245,12
21,21_y192_x0.png,True,0.62925124168396,0.8790262937545776,0.8796791434288025,0.0006528496742248535,0.8680738760830434,0.8680738760830434,0.0,365,360,-5,450,450,0
21,21_y192_x64.png,False,0.3825763165950775,0.8638147711753845,0.855920672416687,-0.00789409875869751,0.8570872240767631,0.8570872240767631,0.0,327,374,47,367,367,0
21,21_y192_x128.png,False,0.42940589785575867,0.8297345042228699,0.8284400701522827,-0.0012944340705871582,0.8939740587797554,0.8932112822790902,-0.000762776500665252,342,345,3,139,140,1
21,21_y192_x192.png,False,0.4059780240058899,0.8175119161605835,0.8201313018798828,0.0026193857192993164,0.8813084029784262,0.8757009263953185,-0.005607476583107673,294,278,-16,127,133,6
21,21_y192_x256.png,False,0.34366703033447266,0.7883817553520203,0.7899159789085388,0.0015342235565185547,0.8407079539733509,0.831858396563105,-0.008849557410245845,231,217,-14,126,133,7
21,21_y192_x320.png,False,0.5593909621238708,0.6776859760284424,0.6728280782699585,-0.004857897758483887,0.8005578688904064,0.7615062655298986,-0.039051603360507725,403,360,-43,143,171,28
21,21_y192_x384.png,True,0.7820011973381042,0.5873606204986572,0.5841270089149475,-0.003233611583709717,0.6396761047277179,0.6207827176682494,-0.018893387059468414,399,374,-25,267,281,14
21,21_y192_x437.png,True,0.8816248774528503,0.6048324108123779,0.5959839224815369,-0.008848488330841064,0.5969230677396451,0.5707692219881658,-0.026153845751479277,245,224,-21,262,279,17
21,21_y256_x0.png,False,0.5043317675590515,0.8515198826789856,0.8458466529846191,-0.005673229694366455,0.819272587854246,0.7941507281809121,-0.025121859673333802,280,223,-57,482,549,67
21,21_y256_x64.png,False,0.37852293252944946,0.8556869029998779,0.8405261039733887,-0.015160799026489258,0.8342607280037331,0.8127980889793398,-0.02146263902439327,291,305,14,417,471,54
21,21_y256_x128.png,False,0.4330912232398987,0.8116071224212646,0.8057491183280945,-0.005858004093170166,0.846368707203271,0.861266286207949,0.01489757900467803,257,297,40,165,149,-16
21,21_y256_x192.png,True,0.6142100691795349,0.7495338916778564,0.7307932376861572,-0.01874065399169922,0.7810880727838333,0.757772010909689,-0.023316061874144256,234,244,10,169,187,18
21,21_y256_x256.png,False,0.5735886693000793,0.7348668575286865,0.7133917212486267,-0.021475136280059814,0.779204097827932,0.7317073076802656,-0.04749679014766639,266,249,-17,172,209,37
21,21_y256_x320.png,True,0.6356154680252075,0.7022758722305298,0.6757009625434875,-0.026574909687042236,0.831683159167402,0.7953795292037455,-0.036303629963656436,488,508,20,153,186,33
21,21_y256_x384.png,True,0.859097957611084,0.6390471458435059,0.6122015714645386,-0.026845574378967285,0.7319098371066449,0.6844602528533777,-0.047449584253267174,471,465,-6,226,266,40
21,21_y256_x437.png,True,1.0,0.5805920958518982,0.5396535992622375,-0.040938496589660645,0.6303571316007656,0.5285714191326533,-0.1017857124681123,303,241,-62,207,264,57
21,21_y320_x64.png,False,0.31051942706108093,0.8809924125671387,0.8648534417152405,-0.016138970851898193,0.8773031789057655,0.8588777183464081,-0.018425460559357343,273,304,31,293,337,44
21,21_y320_x128.png,False,0.3334413766860962,0.8837314248085022,0.8637474775314331,-0.019983947277069092,0.9078703661672667,0.8995370328725136,-0.008333333294753054,317,396,79,199,217,18
21,21_y320_x192.png,False,0.4316904842853546,0.8555691838264465,0.8280556201934814,-0.027513563632965088,0.8973042304409228,0.8979460789605515,0.0006418485196286738,312,422,110,160,159,-1
21,21_y320_x256.png,False,0.5058727264404297,0.8484848737716675,0.8301776647567749,-0.018307209014892578,0.8936170156844992,0.8917396690128933,-0.001877346671605995,340,410,70,170,173,3
21,21_y320_x320.png,False,0.5766934156417847,0.8074495196342468,0.7945712804794312,-0.012878239154815674,0.8694765406561759,0.8755948274942568,0.006118286838080911,418,483,65,192,183,-9
21,21_y320_x384.png,True,0.7871647477149963,0.6868792176246643,0.6752977967262268,-0.0115814208984375,0.7448979507381185,0.7392290165620293,-0.005668934176089158,374,397,23,225,230,5
21,21_y384_x64.png,False,0.40188461542129517,0.8316229581832886,0.8325029015541077,0.0008799433708190918,0.8467492194524054,0.8405572690359344,-0.006191950416471026,245,231,-14,198,206,8
21,21_y384_x128.png,False,0.3591182231903076,0.8848892450332642,0.8646080493927002,-0.020281195640563965,0.9056680125276598,0.8842105227359898,-0.02145748979167006,349,398,49,233,286,53
21,21_y384_x192.png,False,0.3693583607673645,0.8942060470581055,0.8809293508529663,-0.01327669620513916,0.9131663937271146,0.9188206748028244,0.005654281075709755,320,414,94,215,201,-14
21,21_y384_x256.png,False,0.4283750653266907,0.8699728846549988,0.8589372038841248,-0.011035680770874023,0.8740703972529975,0.88150718452401,0.0074367872710124905,273,345,72,254,239,-15
21,21_y384_x320.png,False,0.4398208260536194,0.8660274744033813,0.8626949787139893,-0.00333249568939209,0.8694068633225449,0.8777315250898464,0.008324661767301511,266,302,36,251,235,-16
21,21_y384_x384.png,False,0.5617516040802002,0.834878146648407,0.8290859460830688,-0.005792200565338135,0.8328767066241322,0.8356164326327642,0.0027397260086320374,237,263,26,244,240,-4
21,21_y448_x192.png,False,0.5178101658821106,0.8778383135795593,0.8712736964225769,-0.006564617156982422,0.8444735655549428,0.842726077576557,-0.0017474879783857533,182,210,28,356,360,4
21,21_y448_x256.png,False,0.5348518490791321,0.8720253705978394,0.8649357557296753,-0.0070896148681640625,0.816740956826444,0.816740956826444,0.0,114,145,31,370,370,0
21,21_y456_x192.png,False,0.5069828629493713,0.8673050403594971,0.8583106398582458,-0.00899440050125122,0.8276762358868082,0.8224543037991943,-0.005221932087613901,155,180,25,330,340,10
21,21_y456_x256.png,False,0.5036824345588684,0.8577749729156494,0.8495575189590454,-0.008217453956604004,0.8010625690610238,0.7933884250685453,-0.007674143992478455,113,126,13,337,350,13
22,22_y64_x64.png,False,0.4515056908130646,0.8155706524848938,0.82261061668396,0.007039964199066162,0.76851851304474,0.7877492821385379,0.01923076909379795,163,179,16,325,298,-27
22,22_y64_x128.png,True,0.5847282409667969,0.790243923664093,0.7970141768455505,0.0067702531814575195,0.7410795940481262,0.757090572931882,0.0160109788837558,294,312,18,566,531,-35
22,22_y64_x192.png,False,0.5611215233802795,0.799648106098175,0.8077837824821472,0.008135676383972168,0.7568692724526674,0.7776852590437748,0.020815986591107394,327,355,28,584,534,-50
22,22_y64_x256.png,False,0.44736844301223755,0.826306939125061,0.8415616750717163,0.015254735946655273,0.7833732982279245,0.8141486778011643,0.030775379573239836,282,302,20,542,465,-77
22,22_y64_x320.png,False,0.49533310532569885,0.8140150904655457,0.8328375816345215,0.01882249116897583,0.736454107126966,0.774050863346661,0.03759675621969494,198,230,32,715,613,-102
22,22_y128_x64.png,False,0.54018235206604,0.8146911263465881,0.8110951781272888,-0.0035959482192993164,0.787459655198434,0.7819271517661265,-0.0055325034323074895,316,317,1,461,473,12
22,22_y128_x128.png,False,0.5663115978240967,0.8267641067504883,0.8353520035743713,0.008587896823883057,0.8128544392708716,0.8344045337073552,0.02155009443648359,406,432,26,495,438,-57
22,22_y128_x192.png,False,0.5750489830970764,0.824195921421051,0.834324836730957,0.010128915309906006,0.8155515341209709,0.8368896895591692,0.02133815543819828,452,468,16,510,451,-59
22,22_y128_x256.png,False,0.5609104037284851,0.8094415664672852,0.824103593826294,0.014662027359008789,0.7808219149173568,0.8126619740367939,0.0318400591194371,401,431,30,592,506,-86
22,22_y128_x320.png,False,0.5235212445259094,0.8129055500030518,0.8314645886421204,0.018559038639068604,0.7403151650022483,0.7790544951442728,0.038739330142024575,247,289,42,791,673,-118
22,22_y128_x384.png,False,0.5235865712165833,0.8496240377426147,0.8606629371643066,0.011038899421691895,0.7771664352760208,0.8071526800353434,0.029986244759322545,190,249,59,810,701,-109
22,22_y192_x0.png,True,0.8072956204414368,0.6944140195846558,0.6899611949920654,-0.004452824592590332,0.6084452916655922,0.5969289769968429,-0.011516314668749361,150,139,-11,408,420,12
22,22_y192_x64.png,True,0.7491727471351624,0.7392950654029846,0.7313119173049927,-0.007983148097991943,0.7202043091929381,0.6912599279724181,-0.02894438122052001,402,351,-51,493,544,51
22,22_y192_x128.png,True,0.6265934109687805,0.7528089880943298,0.7660377621650696,0.013228774070739746,0.7743533254025684,0.7820583336155292,0.007705008212960829,514,472,-42,410,396,-14
22,22_y192_x192.png,False,0.5426118969917297,0.7581047415733337,0.7693750262260437,0.011270284652709961,0.7334137470843561,0.7424607916618771,0.009047044577520924,334,311,-23,442,427,-15
22,22_y192_x256.png,True,0.6109257936477661,0.7071672081947327,0.7172459959983826,0.010078787803649902,0.6395061688919372,0.6623456749237921,0.022839506031854917,274,299,25,584,547,-37
22,22_y192_x320.png,True,0.5993678569793701,0.7319735884666443,0.7455357313156128,0.013562142848968506,0.6567010275427783,0.6886597902646403,0.031958762721862044,267,308,41,666,604,-62
22,22_y192_x384.png,False,0.577846109867096,0.8430953621864319,0.8508272171020508,0.0077318549156188965,0.7890104006694841,0.8162176558649835,0.02720725519549938,310,384,74,791,689,-102
22,22_y192_x437.png,True,0.681067943572998,0.8444650769233704,0.856928825378418,0.012463748455047607,0.7976051378574616,0.8352803713922886,0.037675233534827046,313,391,78,693,564,-129
22,22_y256_x0.png,True,0.9527600407600403,0.5321739315986633,0.5175438523292542,-0.01463007926940918,0.42977527486270684,0.4143258368774461,-0.015449437985260717,132,133,1,406,417,11
22,22_y256_x64.png,True,0.8356077671051025,0.6877828240394592,0.6769102811813354,-0.01087254285812378,0.653635647743271,0.6372165704674232,-0.016419077275847793,316,314,-2,443,464,21
22,22_y256_x128.png,True,0.8580194115638733,0.6599401831626892,0.661897599697113,0.001957416534423828,0.6609281387655079,0.6579341268118704,-0.0029940119536375764,457,441,-16,453,457,4
22,22_y256_x192.png,True,0.8000372052192688,0.5944751501083374,0.59450364112854,2.849102020263672e-05,0.5445344074439837,0.536437241534036,-0.00809716590994769,284,265,-19,450,458,8
22,22_y256_x256.png,True,0.6302229166030884,0.6672880053520203,0.6684881448745728,0.0012001395225524902,0.63418954265554,0.6501328551803999,0.01594331252485992,301,333,32,413,395,-18
22,22_y256_x320.png,False,0.5305317044258118,0.7668455839157104,0.7654114365577698,-0.0014341473579406738,0.7542521949897232,0.8046920773918353,0.05043988240211217,363,508,145,419,333,-86
22,22_y256_x384.png,False,0.48218631744384766,0.8444854617118835,0.8614078760147095,0.016922414302825928,0.7998251724946819,0.8575174800188884,0.05769230752420651,324,458,134,687,489,-198
22,22_y256_x437.png,True,0.5935457348823547,0.8504594564437866,0.8729032278060913,0.022443771362304688,0.796058802639791,0.8464185147124851,0.050359712072694074,243,297,54,652,491,-161
22,22_y320_x64.png,False,0.5738767385482788,0.7790476083755493,0.7724180817604065,-0.006629526615142822,0.7588126112627545,0.7724180533554852,0.013605442092730735,306,368,62,390,368,-22
22,22_y320_x128.png,True,0.6539981365203857,0.7773797512054443,0.7789791226387024,0.0015993714332580566,0.791970798790559,0.8076120917225647,0.015641292932005668,471,510,39,399,369,-30
22,22_y320_x192.png,False,0.5466936230659485,0.7955942749977112,0.8033621907234192,0.007767915725708008,0.8034143776336555,0.8158303113511106,0.012415933717455085,418,416,-2,380,356,-24
22,22_y320_x256.png,False,0.5516217947006226,0.7907902002334595,0.7842917442321777,-0.006498456001281738,0.7744988821018993,0.7783964321915566,0.003897550089657309,331,371,40,405,398,-7
22,22_y320_x320.png,False,0.4787483215332031,0.828462541103363,0.8311688303947449,0.002706289291381836,0.8082644594699815,0.8462809882385083,0.03801652876852679,346,460,114,464,372,-92
22,22_y320_x384.png,False,0.36859384179115295,0.879976212978363,0.8984850645065308,0.018508851528167725,0.8470117219130348,0.9073491538251381,0.06033743191210339,273,393,120,535,324,-211
22,22_y384_x64.png,False,0.5000293254852295,0.791627049446106,0.8035441637039185,0.0119171142578125,0.7504509876701685,0.790739622424897,0.04028863475472855,242,295,53,415,348,-67
22,22_y384_x128.png,False,0.5021559000015259,0.8281787037849426,0.8266777992248535,-0.0015009045600891113,0.8124736586073591,0.8331226260719653,0.020648967464606205,355,433,78,445,396,-49
22,22_y384_x192.png,False,0.5025299191474915,0.8583261370658875,0.8601680397987366,0.001841902732849121,0.8505471927135868,0.8751709956389501,0.02462380292536326,384,467,83,437,365,-72
22,22_y384_x256.png,False,0.5207538604736328,0.8628454208374023,0.8660098314285278,0.0031644105911254883,0.8213705721943144,0.8564468955620431,0.0350763233677287,254,374,120,550,442,-108
22,22_y384_x320.png,False,0.5111030340194702,0.8539445400238037,0.8634964227676392,0.00955188274383545,0.8320637090302503,0.8739612158103836,0.041897506780133265,337,434,97,485,364,-121
22,22_y384_x384.png,False,0.46526962518692017,0.8842924237251282,0.8873909711837769,0.0030985474586486816,0.885561932380796,0.917965541763882,0.03240360938308606,286,368,82,279,200,-79
22,22_y448_x192.png,False,0.5547835826873779,0.8448275923728943,0.845555305480957,0.0007277131080627441,0.8241230138196876,0.8616049934569677,0.03748197963728017,264,367,103,366,288,-78
22,22_y448_x256.png,False,0.5562225580215454,0.8611346483230591,0.8670936822891235,0.005959033966064453,0.8185110631045832,0.8716297751644676,0.05311871205988439,205,345,140,451,319,-132
22,22_y456_x192.png,False,0.5525642037391663,0.8372223973274231,0.8422459959983826,0.005023598670959473,0.8154435880862893,0.8625410686607827,0.04709748057449348,242,339,97,337,251,-86
22,22_y456_x256.png,False,0.5519362688064575,0.8397849202156067,0.8424518704414368,0.002666950225830078,0.8018480451650511,0.8536960941802049,0.05184804901515372,210,337,127,386,285,-101
36,36_y64_x64.png,True,0.5902696251869202,0.8565142750740051,0.8664525151252747,0.009938240051269531,0.7989056051121495,0.86092110870533,0.06201550359318053,146,277,131,441,305,-136
36,36_y64_x128.png,False,0.536357045173645,0.8613898158073425,0.8666785359382629,0.00528872013092041,0.8099231278479275,0.8483577887898051,0.03843466094187753,202,313,111,544,434,-110
36,36_y64_x192.png,False,0.5173846483230591,0.8441510796546936,0.8587610721588135,0.014609992504119873,0.7693850241664939,0.810828874295358,0.04144385012886409,160,232,72,690,566,-124
36,36_y64_x256.png,False,0.490077406167984,0.843559980392456,0.8431514501571655,-0.00040853023529052734,0.7683786479745597,0.7831487049911087,0.014770057016548988,159,222,63,690,646,-44
36,36_y64_x320.png,False,0.49871620535850525,0.8775222897529602,0.8842170238494873,0.0066947340965271,0.8196960817659378,0.8357685539574268,0.016072472191488996,166,187,21,617,562,-55
36,36_y128_x64.png,False,0.5165954232215881,0.8264379501342773,0.8482693433761597,0.021831393241882324,0.7506874392727431,0.8198900054083867,0.06920256613564368,144,247,103,544,393,-151
36,36_y128_x128.png,False,0.5565809607505798,0.8473466038703918,0.8579166531562805,0.010570049285888672,0.7918367314618908,0.8404081598350687,0.04857142837317785,189,291,102,510,391,-119
36,36_y128_x192.png,False,0.5807345509529114,0.8213596343994141,0.8307126760482788,0.009353041648864746,0.7883902808217773,0.8373816350869425,0.04899135426516521,319,434,115,514,395,-119
36,36_y128_x256.png,False,0.49514466524124146,0.8221219182014465,0.8263499140739441,0.004227995872497559,0.7845756105791658,0.8242136974398375,0.03963808686067172,288,396,108,500,408,-92
36,36_y128_x320.png,False,0.41361919045448303,0.8756433725357056,0.8841692805290222,0.00852590799331665,0.8438399972997119,0.865919997229056,0.022079999929344063,261,290,29,488,419,-69
36,36_y128_x384.png,False,0.4373364746570587,0.8985946774482727,0.9062033295631409,0.007608652114868164,0.8744971818865723,0.8951461493828207,0.02064896749624834,268,300,32,468,391,-77
36,36_y192_x0.png,False,0.5589815378189087,0.7651548981666565,0.7815789580345154,0.016424059867858887,0.6865431048626663,0.717969373747225,0.031426268884558684,134,148,14,389,350,-39
36,36_y192_x64.png,False,0.5307239294052124,0.7718833088874817,0.7936102151870728,0.021726906299591064,0.7054545411790634,0.7527272681652893,0.04727272698622598,202,238,36,486,408,-78
36,36_y192_x128.png,False,0.5655413866043091,0.814385175704956,0.8248113989830017,0.010426223278045654,0.7774086335691659,0.8172757429829693,0.03986710941380345,238,297,59,402,330,-72
36,36_y192_x192.png,False,0.5530785918235779,0.7730518579483032,0.7791447043418884,0.006092846393585205,0.7540884266863209,0.8055723754962303,0.05148394880990936,325,433,108,406,321,-85
36,36_y192_x256.png,False,0.45233413577079773,0.7734288573265076,0.7822014093399048,0.008772552013397217,0.7183819727681414,0.7695852495156925,0.051203276747551096,272,387,115,550,450,-100
36,36_y192_x320.png,False,0.34948432445526123,0.8137034177780151,0.8233009576797485,0.009597539901733398,0.7755004729480435,0.8083889379962395,0.03288846504819598,274,326,52,471,402,-69
36,36_y192_x384.png,False,0.3994360566139221,0.8807938098907471,0.8810146450996399,0.00022083520889282227,0.8639856535246269,0.8629610633633169,-0.0010245901613099573,382,375,-7,531,535,4
36,36_y192_x437.png,False,0.5238466262817383,0.8837653398513794,0.8851249814033508,0.0013596415519714355,0.8397718412243406,0.840031110085478,0.00025926886113747383,234,224,-10,618,617,-1
36,36_y256_x0.png,True,0.60186368227005,0.7745712995529175,0.7946537137031555,0.020082414150238037,0.7101226939407769,0.7523006077277561,0.042177913786979215,161,184,23,378,323,-55
36,36_y256_x64.png,False,0.5731769800186157,0.8003778457641602,0.8143893480300903,0.014011502265930176,0.7389534840758518,0.7831395303305841,0.044186046254732325,185,241,56,449,373,-76
36,36_y256_x128.png,True,0.5993478894233704,0.7695445418357849,0.7827496528625488,0.013205111026763916,0.7004950451702039,0.7469059359721167,0.04641089080191285,194,261,67,484,409,-75
36,36_y256_x192.png,False,0.5283802151679993,0.723046064376831,0.7341194152832031,0.01107335090637207,0.6303284372443855,0.6743535941694369,0.04402515692505138,162,233,71,529,466,-63
36,36_y256_x256.png,False,0.5275992155075073,0.7118983864784241,0.7426751852035522,0.030776798725128174,0.6145412543881059,0.6728216925976821,0.05828043820957618,194,241,47,668,567,-101
36,36_y256_x320.png,False,0.4755246341228485,0.7342968583106995,0.7332457304000854,-0.0010511279106140137,0.6934383165698776,0.7322834607229215,0.038845144153043853,372,505,133,584,510,-74
36,36_y256_x384.png,False,0.4565361738204956,0.8479313850402832,0.8332181572914124,-0.01471322774887085,0.8410650539635876,0.8276146010770941,-0.013450452886493491,520,579,59,579,628,49
36,36_y256_x437.png,True,0.5837335586547852,0.8752660751342773,0.8645803928375244,-0.01068568229675293,0.8493527930340049,0.8369595129800068,-0.01239328005399809,332,360,28,547,592,45
36,36_y320_x64.png,False,0.5158075094223022,0.8374999761581421,0.8524899482727051,0.014989972114562988,0.7565492287418734,0.8157181534972079,0.05916892475533453,111,217,106,539,408,-131
36,36_y320_x128.png,False,0.5325851440429688,0.8207913041114807,0.8409928679466248,0.020201563835144043,0.7436738484363924,0.801780689776098,0.05810684133970556,146,224,78,547,423,-124
36,36_y320_x192.png,False,0.47288087010383606,0.8306724429130554,0.848274290561676,0.017601847648620605,0.7703005797653629,0.8214445903030749,0.051144010537712004,188,257,69,512,398,-114
36,36_y320_x256.png,False,0.5154318809509277,0.7694823145866394,0.7937824130058289,0.024300098419189453,0.704942582601385,0.7648527171000863,0.059910134498701306,255,325,70,591,471,-120
36,36_y320_x320.png,False,0.5095484852790833,0.7649106383323669,0.7565627098083496,-0.008347928524017334,0.7416741640788741,0.7587758741729258,0.017101710094051703,439,549,110,574,536,-38
36,36_y320_x384.png,False,0.4770621955394745,0.8367509245872498,0.8250506520271301,-0.011700272560119629,0.8194271456431284,0.8244084656774331,0.004981320034304737,447,559,112,580,564,-16
36,36_y384_x64.png,False,0.4727380573749542,0.8635658621788025,0.8814796805381775,0.017913818359375,0.7874646522739648,0.853440146779264,0.06597549450529927,77,176,99,451,311,-140
36,36_y384_x128.png,False,0.37237367033958435,0.8900656700134277,0.9034369587898254,0.013371288776397705,0.8607128190876164,0.904547312967852,0.043834493880235526,179,239,60,340,233,-107
36,36_y384_x192.png,False,0.4024381637573242,0.9057750701904297,0.9163373112678528,0.010562241077423096,0.8869047589718757,0.9199735419313043,0.03306878295942861,216,266,50,342,242,-100
36,36_y384_x256.png,False,0.4169646203517914,0.8966177701950073,0.9006335735321045,0.004015803337097168,0.8748443310247686,0.9072229112477492,0.03237858022298068,246,345,99,402,298,-104
36,36_y384_x320.png,False,0.3773297071456909,0.8803858757019043,0.8833281397819519,0.0029422640800476074,0.8659076506454533,0.8931056265240176,0.027197975878564318,320,408,88,424,338,-86
36,36_y384_x384.png,False,0.5169488787651062,0.8635990023612976,0.8641728162765503,0.0005738139152526855,0.8166278134552143,0.839160835900696,0.02253302244548172,192,265,73,472,414,-58
36,36_y448_x192.png,False,0.5195604562759399,0.8878598809242249,0.8915756344795227,0.0037157535552978516,0.8736133087416271,0.9057052262056052,0.032091917463978104,238,318,80,319,238,-81
36,36_y448_x256.png,False,0.5448848605155945,0.8907899260520935,0.8982812762260437,0.007491350173950195,0.8764326616173614,0.9172636070298581,0.040830945412496655,255,349,94,345,231,-114
36,36_y456_x192.png,False,0.5272297859191895,0.8864075541496277,0.889305055141449,0.002897500991821289,0.871989856899071,0.9028305834269936,0.03084072652792258,226,302,76,303,230,-73
36,36_y456_x256.png,False,0.5373483300209045,0.8888033628463745,0.8959376811981201,0.0071343183517456055,0.8759954460523494,0.9158134208729107,0.039817974820561375,251,339,88,327,222,-105
38,38_y64_x64.png,False,0.16684897243976593,0.8159354329109192,0.8180420398712158,0.002106606960296631,0.8314491178679433,0.820143876463064,-0.011305241404879318,201,180,-21,164,175,11
38,38_y64_x128.png,False,0.21497221291065216,0.8368105292320251,0.8350397944450378,-0.0017707347869873047,0.8418631348944041,0.8441633073941156,0.0023001724997114836,296,309,13,275,271,-4
38,38_y64_x192.png,False,0.2639303505420685,0.7991718649864197,0.7937336564064026,-0.00543820858001709,0.7700748091268089,0.7581047343735425,-0.011970074753266391,315,305,-10,461,485,24
38,38_y64_x256.png,False,0.3067835569381714,0.8067765831947327,0.7972028255462646,-0.009573757648468018,0.7827632128708875,0.7596623689042098,-0.023100843966677664,355,329,-26,489,541,52
38,38_y64_x320.png,False,0.4226480722427368,0.8485273718833923,0.8479664921760559,-0.0005608797073364258,0.8548216147833924,0.8580007034334132,0.0031790886500208115,453,469,16,411,402,-9
38,38_y128_x64.png,False,0.4240243136882782,0.7483870983123779,0.7437233328819275,-0.0046637654304504395,0.7237076584339781,0.6996434875254591,-0.024064170908518978,236,204,-32,310,337,27
38,38_y128_x128.png,False,0.5096588730812073,0.7778774499893188,0.793345034122467,0.015467584133148193,0.7563953444395619,0.7901162744760681,0.033720930036506225,324,347,23,419,361,-58
38,38_y128_x192.png,False,0.530053973197937,0.797971248626709,0.8041972517967224,0.006226003170013428,0.8023799370914579,0.8142796395483227,0.01189970245686478,491,496,5,465,437,-28
38,38_y128_x256.png,False,0.4705254137516022,0.8313725590705872,0.8262819051742554,-0.005090653896331787,0.8531187088405685,0.8527162943552663,-0.0004024144853022049,495,525,30,365,366,1
38,38_y128_x320.png,False,0.4345861077308655,0.8263198137283325,0.8064640164375305,-0.019855797290802002,0.8385093135151035,0.813664593114656,-0.024844720400447495,492,526,34,416,480,64
38,38_y128_x384.png,False,0.4835343062877655,0.8449669480323792,0.8268718719482422,-0.018095076084136963,0.8450911203847997,0.8212815966452628,-0.02380952373953693,528,562,34,527,608,81
38,38_y192_x0.png,False,0.4684774875640869,0.5852749347686768,0.5984848737716675,0.013209939002990723,0.49841269050138587,0.5015872936255985,0.0031746031242126382,129,110,-19,316,314,-2
38,38_y192_x64.png,False,0.5202934145927429,0.7322611212730408,0.7173808217048645,-0.01488029956817627,0.6991869855538665,0.6729900571545614,-0.026196928399305097,233,225,-8,333,362,29
38,38_y192_x128.png,True,0.6629345417022705,0.7004932761192322,0.7076813578605652,0.007188081741333008,0.6752717345429909,0.6759510823644628,0.0006793478214718318,372,345,-27,478,477,-1
38,38_y192_x192.png,False,0.5797283053398132,0.7244318127632141,0.7461730241775513,0.021741211414337158,0.7239176669700662,0.7437899166515974,0.01987224968153123,387,352,-35,389,361,-28
38,38_y192_x256.png,False,0.48489996790885925,0.781857430934906,0.7590829133987427,-0.02277451753616333,0.7621052578097877,0.7550877139993845,-0.007017543810403204,267,334,67,339,349,10
38,38_y192_x320.png,False,0.4953831136226654,0.7509749531745911,0.7166574597358704,-0.0343174934387207,0.6909277258281511,0.6637621698423262,-0.02716555598582493,291,368,77,603,656,53
38,38_y192_x384.png,False,0.52259761095047,0.8025459051132202,0.7838202118873596,-0.018725693225860596,0.7915328444042836,0.763795618207896,-0.027737226196387632,620,634,14,714,809,95
38,38_y192_x437.png,True,0.6693263649940491,0.7939204573631287,0.7882736325263977,-0.005646824836730957,0.7780373809052646,0.7774532687574378,-0.0005841121478268319,623,668,45,760,762,2
38,38_y256_x0.png,False,0.4415484666824341,0.7279151678085327,0.7379491925239563,0.010034024715423584,0.6809917242811285,0.695867757093095,0.014876032811966478,115,115,0,193,184,-9
38,38_y256_x64.png,True,0.6138442754745483,0.7101576328277588,0.7014134526252747,-0.00874418020248413,0.6780936398152706,0.6638795931113747,-0.014214046703895922,277,274,-3,385,402,17
38,38_y256_x128.png,True,0.7239670157432556,0.7242611050605774,0.7114182114601135,-0.012842893600463867,0.7065906165615297,0.685044355608084,-0.021546260953445695,386,380,-6,463,497,34
38,38_y256_x192.png,True,0.6093800663948059,0.7479417324066162,0.7329232692718506,-0.015018463134765625,0.7008902035555478,0.671810085033768,-0.02908011852177972,292,272,-20,504,553,49
38,38_y256_x256.png,True,0.5898274779319763,0.7189542651176453,0.6954357028007507,-0.02351856231689453,0.6465833898120251,0.6157237280255421,-0.030859661786483028,207,211,4,481,523,42
38,38_y256_x320.png,False,0.5001923441886902,0.7392878532409668,0.7524868249893188,0.01319897174835205,0.6932654176951589,0.7277872058416117,0.03452178814645279,322,365,43,542,481,-61
38,38_y256_x384.png,False,0.4730948209762573,0.7878581285476685,0.8022941946983337,0.014436066150665283,0.7825203225524379,0.8055555528267088,0.0230352302742709,602,598,-4,642,574,-68
38,38_y256_x437.png,False,0.5487027764320374,0.8115737438201904,0.8216404914855957,0.010066747665405273,0.8462104457460984,0.8660779953418763,0.019867549595777967,650,658,8,418,364,-54
38,38_y320_x64.png,False,0.5224047303199768,0.7963863611221313,0.790554404258728,-0.00583195686340332,0.7801225270243531,0.7862491437287329,0.00612661670437975,263,298,35,323,314,-9
38,38_y320_x128.png,True,0.600751519203186,0.831416666507721,0.8227227926254272,-0.008693873882293701,0.8320274200194544,0.822722816734952,-0.009304603284502444,346,362,16,343,362,19
38,38_y320_x192.png,True,0.5934650301933289,0.815487802028656,0.8055375218391418,-0.00995028018951416,0.7821576731030802,0.7726141046779497,-0.009543568425130489,328,351,23,525,548,23
38,38_y320_x256.png,True,0.5860111117362976,0.8067573308944702,0.7972889542579651,-0.009468376636505127,0.7621642632846856,0.75554690246965,-0.006617360815035611,327,359,32,611,628,17
38,38_y320_x320.png,False,0.4529966413974762,0.8459556698799133,0.8467742204666138,0.0008185505867004395,0.827620964960951,0.8467741907030436,0.01915322574209255,384,456,72,513,456,-57
38,38_y320_x384.png,False,0.3934449553489685,0.8306316137313843,0.8369287252426147,0.006297111511230469,0.7974955248747924,0.8189624299858231,0.021466905111030776,343,386,43,566,506,-60
38,38_y384_x64.png,False,0.4133622646331787,0.8725195527076721,0.8642493486404419,-0.008270204067230225,0.877797937823364,0.8723532917582983,-0.0054446460650656725,222,242,20,202,211,9
38,38_y384_x128.png,False,0.3732798993587494,0.8924793004989624,0.892816424369812,0.0003371238708496094,0.9159099845404264,0.9273588593471817,0.011448874806755271,346,380,34,213,184,-29
38,38_y384_x192.png,False,0.4333854615688324,0.8881819844245911,0.8823807239532471,-0.005801260471343994,0.9044379627326272,0.9076773537166266,0.0032393909839993906,408,462,54,295,285,-10
38,38_y384_x256.png,False,0.4857900142669678,0.8824141621589661,0.8732394576072693,-0.009174704551696777,0.8983050820269216,0.9007263895256464,0.002421307498724823,455,536,81,336,328,-8
38,38_y384_x320.png,False,0.3951992392539978,0.8844795823097229,0.8713527917861938,-0.013126790523529053,0.9068965485969084,0.9062068934268728,-0.0006896551700356079,417,504,87,270,272,2
38,38_y384_x384.png,False,0.4080515205860138,0.8517392873764038,0.8389057517051697,-0.01283353567123413,0.8274278160929933,0.8149606245737492,-0.012467191519244136,176,195,19,263,282,19
38,38_y448_x192.png,False,0.46165594458580017,0.8772398233413696,0.8679458498954773,-0.009293973445892334,0.9192968401146749,0.9216939635569558,0.002397123442280824,442,506,64,202,196,-6
38,38_y448_x256.png,False,0.49173349142074585,0.8692969083786011,0.8578867316246033,-0.011410176753997803,0.9025171583408825,0.9048054878498604,0.0022883295089778377,380,447,67,213,208,-5
38,38_y456_x192.png,False,0.476721853017807,0.8744242191314697,0.8644804358482361,-0.009943783283233643,0.9160721740827856,0.9181703696258062,0.002098195543020598,427,491,64,200,195,-5
38,38_y456_x256.png,False,0.4951851963996887,0.8635812997817993,0.8531234860420227,-0.010457813739776611,0.8995456794571142,0.9030792483438705,0.0035335688867563775,364,424,60,199,192,-7
