patch_name,is_hard,sci_res2_norm,p0_dice,p5_dice,j1_dice,j2_dice,j3_dice
21_y64_x64.png,False,0.4269723892211914,0.9113162120559466,0.9132329637218048,0.9139230465808745,0.9129308628951367,0.9078470826803882
21_y64_x128.png,False,0.4204945564270019,0.9134310320087158,0.914568345451786,0.9155288823472935,0.9130434783921445,0.9125094770090836
21_y64_x192.png,False,0.3798713982105255,0.894508398009986,0.8954322387779686,0.8927765239037312,0.8932478312085103,0.8955280687049894
21_y64_x256.png,False,0.42139333486557,0.8840436077620543,0.8852852855149443,0.8875344084004435,0.8850846125834619,0.8801916935299686
21_y64_x320.png,False,0.4316003620624542,0.8684014873149901,0.8760864169950673,0.8675109598940309,0.865671642119717,0.8632098768809633
21_y128_x64.png,False,0.3837968707084656,0.9101602706805466,0.9135874310247492,0.9029377881582117,0.9102863823636961,0.898737892722721
21_y128_x128.png,False,0.4292093813419342,0.9087534798812968,0.91491985216566,0.9061882318592243,0.9110528751178466,0.9114947893739388
21_y128_x192.png,False,0.3863618969917297,0.8978176628639248,0.898134863910361,0.8984107827430884,0.8982599797374412,0.8982701814286034
21_y128_x256.png,False,0.4006681740283966,0.8742667690021251,0.8736462097121036,0.8749063673535422,0.8721496288184739,0.8764160662296188
21_y128_x320.png,False,0.4678260087966919,0.8032454369036696,0.8035426738987814,0.7816091962390451,0.7842356696487432,0.7944000008223999
21_y128_x384.png,False,0.5694952011108398,0.6934131754885439,0.6997084565614667,0.6802646103623781,0.6825938584607858,0.6919163386550801
21_y192_x0.png,True,0.62925124168396,0.8790262730012969,0.8858474084364482,0.8810317347036202,0.8879765397537001,0.875658279877621
21_y192_x64.png,False,0.3825763165950775,0.863814756939139,0.8618110238940728,0.8596822998114934,0.873858114919615,0.8462135925316241
21_y192_x128.png,False,0.4294058978557586,0.829734513877046,0.8336327709894619,0.8214654288907278,0.8255319155122982,0.834048641509125
21_y192_x192.png,False,0.4059780240058899,0.8175119210337584,0.8290748906208154,0.8179129707734981,0.8216310518027429,0.8304042186713346
21_y192_x256.png,False,0.3436670303344726,0.788381743992995,0.7792521123084915,0.7812678481937873,0.7818831955787652,0.7841726631644325
21_y192_x320.png,False,0.5593909621238708,0.6776859523159035,0.6811000603797539,0.6663007702178881,0.6569936177771699,0.6819747435018672
21_y192_x384.png,True,0.7820011973381042,0.5873605973521648,0.612294585439473,0.5988571451493877,0.5856224454376245,0.614035089976403
21_y192_x437.png,True,0.8816248774528503,0.6048324270862633,0.5970381948788916,0.6265233001682917,0.6199421992778743,0.6252739253084446
21_y256_x0.png,False,0.5043317675590515,0.8515198755816058,0.8649765260751614,0.874557316170443,0.8604382932325292,0.8559001515584339
21_y256_x64.png,False,0.3785229325294494,0.8556869142770344,0.8437884382046157,0.8687500002563476,0.8604838712490245,0.8409321178501882
21_y256_x128.png,False,0.4330912232398987,0.8116071436981823,0.7946469783357314,0.8129088538468867,0.7882882892419446,0.7992766736018233
21_y256_x192.png,True,0.6142100691795349,0.7495338735268249,0.7318327991522007,0.7426557006894494,0.7188106029811855,0.754669989074284
21_y256_x256.png,False,0.5735886693000793,0.7348668296920894,0.7282948174372591,0.7300683386670368,0.7159874625956899,0.73884592659818
21_y256_x320.png,True,0.6356154680252075,0.7022758954840878,0.70244821232369,0.6843018227046754,0.6823855770578567,0.7010402546312063
21_y256_x384.png,True,0.859097957611084,0.6390471277107865,0.6498951800319959,0.6487524009176947,0.6380670629286634,0.6497313158293536
21_y256_x437.png,True,1.0,0.580592108712236,0.5812973919014541,0.6030303060376492,0.5653876306547562,0.600000003030303
21_y320_x64.png,False,0.3105194270610809,0.8809924308641874,0.8637607920325104,0.8891571114682013,0.8754920242894302,0.867439933994532
21_y320_x128.png,False,0.3334413766860962,0.883731410807275,0.8691460058100414,0.8772468218385647,0.8688598470733218,0.8685042931122814
21_y320_x192.png,False,0.4316904842853546,0.8555691558887113,0.8510504865128552,0.8391856009466344,0.8481481486168267,0.8466707396253185
21_y320_x256.png,False,0.5058727264404297,0.8484848489349827,0.8557427263223807,0.839908519611468,0.8377811099316909,0.8450370374961865
21_y320_x320.png,False,0.5766934156417847,0.8074494955572933,0.8152661968721417,0.7986857831580473,0.7988650699909676,0.803488010577739
21_y320_x384.png,True,0.7871647477149963,0.6868792488924242,0.7065616813303849,0.6904188748655807,0.6838966218494203,0.6838521416155051
21_y384_x64.png,False,0.4018846154212951,0.8316229576905247,0.8270106228110371,0.8324165756053664,0.8293768552322817,0.8274568648632525
21_y384_x128.png,False,0.3591182231903076,0.8848892407340007,0.8745476480206119,0.8754117421518858,0.8763028517673493,0.871064768656377
21_y384_x192.png,False,0.3693583607673645,0.8942060512275933,0.8876404496636427,0.8852204313745962,0.8895874265430502,0.8887112889336438
21_y384_x256.png,False,0.4283750653266907,0.8699728599309824,0.868027888774831,0.8640233523132491,0.8700980395340734,0.8724464377866307
21_y384_x320.png,False,0.4398208260536194,0.8660274686031939,0.8706493509853264,0.8600405683061851,0.8659476120545773,0.8708183225146209
21_y384_x384.png,False,0.5617516040802002,0.8348781330762852,0.8430431807983442,0.8288896394570042,0.8371147990615821,0.8397306402702672
21_y448_x192.png,False,0.5178101658821106,0.8778383290693954,0.8630705397347384,0.8734602466439861,0.8760923148642342,0.8673094585231648
21_y448_x256.png,False,0.5348518490791321,0.8720253837334072,0.8573692555272867,0.8667535857451015,0.875357793714916,0.8619313650919623
21_y456_x192.png,False,0.5069828629493713,0.867305061922558,0.850555555970679,0.8640386166156111,0.8654876745297758,0.853611645554486
21_y456_x256.png,False,0.5036824345588684,0.8577749688439477,0.8389750084183012,0.8520599255553686,0.8617583104636275,0.8447561369309655
22_y64_x64.png,False,0.4515056908130646,0.8155706734105417,0.8262980955311987,0.819303338826911,0.8110737006693839,0.8183856509028937
22_y64_x128.png,True,0.5847282409667969,0.7902439029506247,0.7949280668253401,0.7958090808013759,0.7952095813288395,0.7897848196032519
22_y64_x192.png,False,0.5611215233802795,0.799648120079947,0.8009581885867636,0.8045540801084672,0.8058999576616077,0.8029914534124115
22_y64_x256.png,False,0.4473684430122375,0.8263069143627595,0.8254101812675428,0.8315018318447257,0.8338480546966275,0.8310064600312431
22_y64_x320.png,False,0.4953331053256988,0.814015074732094,0.8123611395427972,0.8281157711594491,0.8267622464620425,0.8130918077128617
22_y128_x64.png,False,0.54018235206604,0.8146911523618147,0.8230842009860829,0.8278945019492748,0.8085883969653076,0.8150261535543839
22_y128_x128.png,False,0.5663115978240967,0.8267640841631146,0.8387219478152873,0.8293290624144348,0.8257575760718658,0.8315730964766109
22_y128_x192.png,False,0.5750489830970764,0.824195906754028,0.8366345632625213,0.8219558801077717,0.8171745155519832,0.8314367001574738
22_y128_x256.png,False,0.5609104037284851,0.8094415662839348,0.8168156746874345,0.8091491311817948,0.8129079046176434,0.817052827030486
22_y128_x320.png,False,0.5235212445259094,0.8129055518873368,0.8190777898291486,0.8251089802526435,0.8184518612293346,0.8117710392754871
22_y128_x384.png,False,0.5235865712165833,0.8496240603765052,0.8404395606733486,0.8483426226923693,0.8465798535450084,0.837273143453907
22_y192_x0.png,True,0.8072956204414368,0.6944140213887513,0.6906552111135595,0.7126925134748141,0.6828193850065012,0.6873589182428955
22_y192_x64.png,True,0.7491727471351624,0.7392950779513688,0.7484204487408948,0.7491891898670563,0.7303921575969713,0.7267950971196874
22_y192_x128.png,True,0.6265934109687805,0.7528089894253371,0.7757255942592992,0.7626004388541505,0.749155813436672,0.7632726346158691
22_y192_x192.png,False,0.5426118969917297,0.758104738908651,0.7923715786146676,0.7604562744648837,0.7426449593183521,0.7641881646003394
22_y192_x256.png,True,0.6109257936477661,0.7071672364943098,0.7390876280305625,0.720000000875,0.7133373575336833,0.7180783826862251
22_y192_x320.png,True,0.5993678569793701,0.7319735715829544,0.7521898848482909,0.7509025277675576,0.7273215251548,0.7373400118604897
22_y192_x384.png,False,0.577846109867096,0.8430953401124478,0.832838773727796,0.8431097392041682,0.8343382144209902,0.8304568530377711
22_y192_x437.png,True,0.681067943572998,0.8444650589912414,0.8403770145327196,0.8408816427522922,0.8432216418026104,0.8334115441366939
22_y256_x0.png,True,0.9527600407600404,0.5321739171115312,0.5345394775120109,0.5644171812544695,0.5295629860363069,0.5472000036224
22_y256_x64.png,True,0.8356077671051025,0.6877828067141801,0.6819296824123888,0.6858638755203295,0.6733052482830132,0.6803472782938149
22_y256_x128.png,True,0.8580194115638733,0.65994021053834,0.6647080438314064,0.6664454043596235,0.6455738820411515,0.6645412693427514
22_y256_x192.png,True,0.8000372052192688,0.5944751403620158,0.6217780135624512,0.6033898324291048,0.6083685961054602,0.6065747634858178
22_y256_x256.png,True,0.6302229166030884,0.6672879791831874,0.7053449076960031,0.6757912759803623,0.680938659197453,0.6844726134700198
22_y256_x320.png,False,0.5305317044258118,0.7668455582383854,0.7834808265974017,0.7626233320875702,0.7592178777675478,0.7670908559719123
22_y256_x384.png,False,0.4821863174438476,0.8444854640140202,0.8577430974523663,0.8592680751870454,0.8481898389896717,0.849432689589953
22_y256_x437.png,True,0.5935457348823547,0.8504594822882883,0.8670855487883268,0.8718031206823177,0.8640760782684439,0.8665672138793847
22_y320_x64.png,False,0.5738767385482788,0.7790476197490552,0.7625313290647515,0.7653679660451141,0.7577791343569886,0.7663438263730514
22_y320_x128.png,True,0.6539981365203857,0.7773797344488748,0.7751464227778293,0.7628719892232595,0.757257868364826,0.7731343289225514
22_y320_x192.png,False,0.5466936230659485,0.7955942628186623,0.8027770640196012,0.7938168851514462,0.7956989252193575,0.7992007997022957
22_y320_x256.png,False,0.5516217947006226,0.7907902223115685,0.781140862103781,0.7881852054598585,0.787330317308144,0.793969849821413
22_y320_x320.png,False,0.4787483215332031,0.8284625162463735,0.8330494041033872,0.8320166323658699,0.8274853804772654,0.8330150650689263
22_y320_x384.png,False,0.3685938417911529,0.8799762330956978,0.8895298530580763,0.8924452135345369,0.8977023270924889,0.8939125297075761
22_y384_x64.png,False,0.5000293254852295,0.7916270225447922,0.7919379851412776,0.7977528095867746,0.7916013795311772,0.7916145187997042
22_y384_x128.png,False,0.5021559000015259,0.8281786945271077,0.8257383969921132,0.8304808479411556,0.8268907566661959,0.8275862072612944
22_y384_x192.png,False,0.5025299191474915,0.8583261434713958,0.8610204434615694,0.8679433807361475,0.864673086898677,0.861810755851241
22_y384_x256.png,False,0.5207538604736328,0.8628454454745045,0.8607637717797165,0.868382232636646,0.8602830976514853,0.8666222076248379
22_y384_x320.png,False,0.5111030340194702,0.8539445631593024,0.8538011698497232,0.8492919759789413,0.8473110844763772,0.8559057848009944
22_y384_x384.png,False,0.4652696251869201,0.8842924434071422,0.8752019388626778,0.8646631312813531,0.8729303812628558,0.8761061949394485
22_y448_x192.png,False,0.5547835826873779,0.8448275865890946,0.846043165836827,0.8494392749953729,0.8460417682223368,0.8455560955668867
22_y448_x256.png,False,0.5562225580215454,0.8611346319620352,0.8679012348397094,0.8663934428967347,0.861398428089784,0.8648872338818804
22_y456_x192.png,False,0.5525642037391663,0.8372223788663976,0.8475129115316311,0.8475129115316311,0.8435336476224491,0.8458781366256461
22_y456_x256.png,False,0.5519362688064575,0.8397849466672448,0.8481404962599677,0.8507656375531647,0.8367828141556646,0.8438399167045778
36_y64_x64.png,True,0.5902696251869202,0.8565143000329644,0.8651605235073473,0.8656645195283597,0.8636792456045301,0.8630565586930048
36_y64_x128.png,False,0.536357045173645,0.861389818169101,0.8620120948103132,0.8651603500999264,0.8646288212070072,0.8666297733506184
36_y64_x192.png,False,0.5173846483230591,0.8441510820605957,0.8352532458671544,0.8556130646874656,0.8564276777106603,0.8496254342232314
36_y64_x256.png,False,0.490077406167984,0.8435599781765986,0.8348370468885342,0.8583645112090423,0.8512486430487719,0.8358539287424309
36_y64_x320.png,False,0.4987162053585052,0.8775222901962736,0.8703391132878024,0.8833806183613848,0.8820049815037282,0.8684948584161812
36_y128_x64.png,False,0.5165954232215881,0.8264379419111051,0.8367296836809975,0.8333743543357757,0.8364963507627827,0.8297182751689895
36_y128_x128.png,False,0.5565809607505798,0.8473465825565701,0.8463377529964405,0.8477017584246945,0.841742130569767,0.8480794133619349
36_y128_x192.png,False,0.5807345509529114,0.8213596401000223,0.8213447175638321,0.8200332505818096,0.8291562242498827,0.8268204146341653
36_y128_x256.png,False,0.4951446652412414,0.822121896564059,0.819077474654999,0.8217294904174514,0.8236335476352434,0.8137054689954495
36_y128_x320.png,False,0.413619190454483,0.8756433672992805,0.8493937462517649,0.8473675990511363,0.8573281454971982,0.8465816162142924
36_y128_x384.png,False,0.4373364746570587,0.8985946543144191,0.8719416971994512,0.8654702814490641,0.8771077837891437,0.8713003885478768
36_y192_x0.png,False,0.5589815378189087,0.7651549179831391,0.7239858918695506,0.7667396071477478,0.7783549793144805,0.7468354441824798
36_y192_x64.png,False,0.5307239294052124,0.7718832898810236,0.7620902312168445,0.7746852227478952,0.7725956906638929,0.7620320863568446
36_y192_x128.png,False,0.5655413866043091,0.8143851513503911,0.80489888976104,0.809284116864418,0.7956142822726616,0.8074927959438248
36_y192_x192.png,False,0.5530785918235779,0.7730518479569952,0.7737313439590109,0.7700782842270854,0.767820172233599,0.7757685359380092
36_y192_x256.png,False,0.4523341357707977,0.7734288870633163,0.7635972004211169,0.7733688421481523,0.7874767848567875,0.7583401145691887
36_y192_x320.png,False,0.3494843244552612,0.8137034263223221,0.753981460057092,0.7493010257472018,0.7960746773669827,0.7860441257412927
36_y192_x384.png,False,0.3994360566139221,0.8807938374712184,0.834086345589751,0.8392638038782039,0.8681829931918028,0.8682939915929533
36_y192_x437.png,False,0.5238466262817383,0.8837653480439763,0.849470899670012,0.866106589831837,0.8781823160714723,0.865982204153344
36_y256_x0.png,True,0.60186368227005,0.7745713100185223,0.7240506340757357,0.7850175583885385,0.7782625950882086,0.7676027685486252
36_y256_x64.png,False,0.5731769800186157,0.8003778343816819,0.7800751886589123,0.8155750081027014,0.800238877873279,0.8023471284671182
36_y256_x128.png,True,0.5993478894233704,0.7695445283156203,0.7598310050054241,0.7717815352022707,0.7598363243316452,0.7645074231966686
36_y256_x192.png,False,0.5283802151679993,0.7230460932944044,0.7074268578116021,0.7159851311673414,0.7373440948740128,0.7247386770238533
36_y256_x256.png,False,0.5275992155075073,0.7118983966848316,0.6970767757883817,0.7206020704904293,0.732518031569401,0.7202572356261825
36_y256_x320.png,False,0.4755246341228485,0.7342968323115708,0.684859617725375,0.7189403980955221,0.7287862520709284,0.7127272735308329
36_y256_x384.png,False,0.4565361738204956,0.8479313686897311,0.8149058151584687,0.8289738432877615,0.8349648423618298,0.8311173976929033
36_y256_x437.png,True,0.5837335586547852,0.8752660708453724,0.857182822972188,0.856110107248561,0.8564146136272803,0.8567756677755595
36_y320_x64.png,False,0.5158075094223022,0.8375000004062501,0.8358655047674582,0.8505154642677708,0.846281777509428,0.8483240900691487
36_y320_x128.png,False,0.5325851440429688,0.820791311557302,0.8258455329988755,0.8377793803466009,0.83445945985893,0.8261748362148185
36_y320_x192.png,False,0.472880870103836,0.8306724725915036,0.8280952385045353,0.8444544638312569,0.8504545457944216,0.8379728769022773
36_y320_x256.png,False,0.5154318809509277,0.7694822894564516,0.7712695473859805,0.7871853552321756,0.7818844357577188,0.7853211014801544
36_y320_x320.png,False,0.5095484852790833,0.7649106526690401,0.7647191523466746,0.7717190393444571,0.7571560485753555,0.7620826529019785
36_y320_x384.png,False,0.4770621955394745,0.8367509142636291,0.8260936778078626,0.8212845178075016,0.8223270443045172,0.8279911142050284
36_y384_x64.png,False,0.4727380573749542,0.8635658918254111,0.861011753037783,0.8771072565914799,0.8783147462743129,0.879620379921028
36_y384_x128.png,False,0.3723736703395843,0.8900656642870882,0.9014912835507428,0.8991869920748232,0.901760131187556,0.8982412062432136
36_y384_x192.png,False,0.4024381637573242,0.905775076146952,0.9097946820770874,0.9149522113802815,0.9126723573331051,0.9094294905884044
36_y384_x256.png,False,0.4169646203517914,0.8966177410711268,0.8974520291012079,0.8955909370857457,0.8960000001631373,0.8940428913517984
36_y384_x320.png,False,0.3773297071456909,0.8803858522823379,0.8878754522914366,0.884016523857616,0.8827674569462405,0.885899513961265
36_y384_x384.png,False,0.5169488787651062,0.8635990142489749,0.8757491013269095,0.8682479572089935,0.8609030170866511,0.8768071678338278
36_y448_x192.png,False,0.5195604562759399,0.887859875401933,0.8856447690883115,0.8837209304617246,0.8850994724216413,0.8851132688407903
36_y448_x256.png,False,0.5448848605155945,0.8907899528744267,0.8899065764976981,0.8918445924188929,0.892424516556817,0.8921852389794044
36_y456_x192.png,False,0.5272297859191895,0.8864075587579825,0.8816785639591639,0.8810776681097081,0.8794971827492476,0.8807932746695555
36_y456_x256.png,False,0.5373483300209045,0.8888033861315826,0.887074830151458,0.8888065235566965,0.8893144391242542,0.8894000385482077
38_y64_x64.png,False,0.1668489724397659,0.8159354522645716,0.8285280737049667,0.8224489804977093,0.8106772129971468,0.8068796078286015
38_y64_x128.png,False,0.2149722129106521,0.8368105177570434,0.8324022351050216,0.8398293034428754,0.8461104852138938,0.8363534992016909
38_y64_x192.png,False,0.2639303505420685,0.7991718431698451,0.8116237578087593,0.8029008034112903,0.8191056915164998,0.8224582705552396
38_y64_x256.png,False,0.3067835569381714,0.8067765572189183,0.8189556019807785,0.7871788833674785,0.8233431354369077,0.8181818185929856
38_y64_x320.png,False,0.4226480722427368,0.8485273494941666,0.8528486545738402,0.8364396449461076,0.8565430373398477,0.8419410747973292
38_y128_x64.png,False,0.4240243136882782,0.7483870979337,0.7776210635748891,0.7668488170908523,0.742477877245673,0.754833041498976
38_y128_x128.png,False,0.5096588730812073,0.7778774296625488,0.8031448448649989,0.7919858580082916,0.7833622189966429,0.788856305604527
38_y128_x192.png,False,0.530053973197937,0.7979712599366627,0.8145091229050628,0.7974710225553825,0.8014842304648852,0.8014303748392294
38_y128_x256.png,False,0.4705254137516022,0.8313725493502498,0.8351340539513125,0.8299531984595296,0.8298242228514116,0.8290398129800159
38_y128_x320.png,False,0.4345861077308655,0.8263198167055856,0.8107896798069005,0.8136954862018067,0.8095602298096363,0.8118393238288693
38_y128_x384.png,False,0.4835343062877655,0.8449669363042367,0.8289163724544812,0.8233762479048513,0.8318793437352072,0.835584263306541
38_y192_x0.png,False,0.4684774875640869,0.5852749339676148,0.6560283718437201,0.6579634494520152,0.6219839175872751,0.656565659456518
38_y192_x64.png,False,0.5202934145927429,0.7322611176335803,0.73091976648278,0.7341772164361123,0.7333639296311889,0.732574033109002
38_y192_x128.png,True,0.6629345417022705,0.7004933061998121,0.7213352695162,0.7174066253791168,0.7185134214779304,0.7351425636030829
38_y192_x192.png,False,0.5797283053398132,0.7244318191603983,0.7584229399339679,0.7357836347580318,0.7360492990891842,0.7409200977484605
38_y192_x256.png,False,0.4848999679088592,0.781857452189138,0.7804878056539845,0.7853223601326393,0.7634222384363621,0.7793296097090446
38_y192_x320.png,False,0.4953831136226654,0.7509749310557802,0.756473829871973,0.7555914854335988,0.7373819170381055,0.7531335156590367
38_y192_x384.png,False,0.52259761095047,0.8025458854314004,0.7972773012765947,0.789620290588447,0.7900826449435272,0.8060713235984802
38_y192_x437.png,True,0.6693263649940491,0.7939204294532552,0.780034823302329,0.7682138663804144,0.7755227555726895,0.8071697025048139
38_y256_x0.png,False,0.4415484666824341,0.7279151967498657,0.7307032613147233,0.7392026599733998,0.7416309035053141,0.7242869513890496
38_y256_x64.png,True,0.6138442754745483,0.7101576194826723,0.7159292047967734,0.7239669432893927,0.7245190351022552,0.7187370182021727
38_y256_x128.png,True,0.7239670157432556,0.7242611246370214,0.7254707640387488,0.7296030017830478,0.7296716792584483,0.741110418773829
38_y256_x192.png,True,0.6093800663948059,0.7479417360736488,0.7490518339157654,0.7501542265572048,0.7583485131804842,0.7674278853142191
38_y256_x256.png,True,0.5898274779319763,0.7189542495140757,0.716029293262696,0.7089611431048328,0.7229386489920333,0.7273413907577742
38_y256_x320.png,False,0.5001923441886902,0.739287870430634,0.7698695143242305,0.7395649625527191,0.7530899690914344,0.7553252741642911
38_y256_x384.png,False,0.4730948209762573,0.7878581176878272,0.808865189453649,0.7981345772849191,0.7929941621467987,0.8071629915318139
38_y256_x437.png,False,0.5487027764320374,0.8115737476860025,0.8146275702483526,0.8036697250981323,0.8086366014127867,0.8242444710041458
38_y320_x64.png,False,0.5224047303199768,0.7963863801376428,0.7941276893338078,0.7890675247939951,0.8015488873780288,0.7887788785848882
38_y320_x128.png,True,0.600751519203186,0.8314166874690074,0.8284435608442478,0.8267349794440267,0.8253456225222452,0.8241444871099229
38_y320_x192.png,True,0.5934650301933289,0.8154877788979283,0.8077007223633763,0.8139486326708111,0.8151484138891538,0.8175335574296696
38_y320_x256.png,True,0.5860111117362976,0.8067573139539406,0.8049187165383104,0.8021001619505248,0.8087301591096625,0.8051844470484857
38_y320_x320.png,False,0.4529966413974762,0.8459556932063271,0.8632680623509992,0.8266211607054247,0.8430358634811745,0.850681742848883
38_y320_x384.png,False,0.3934449553489685,0.8306316381020465,0.8547038949765181,0.8300438599597152,0.8389876147208982,0.8470003552591403
38_y384_x64.png,False,0.4133622646331787,0.8725195433778727,0.8724106878642729,0.87467884706058,0.8834106731919644,0.8706365506874845
38_y384_x128.png,False,0.3732798993587494,0.8924793231535308,0.8943469787634561,0.8969494049535911,0.8990654207494104,0.8954770051397244
38_y384_x192.png,False,0.4333854615688324,0.8881819629581963,0.8844189018447974,0.8832173242332292,0.8847284544565551,0.8842171322808015
38_y384_x256.png,False,0.4857900142669678,0.882414152099875,0.8847528292365205,0.8734381892202878,0.8804123713101438,0.8765377206513447
38_y384_x320.png,False,0.3951992392539978,0.8844795697251058,0.8945203227011349,0.8734909874756226,0.8792960320782068,0.8822055139812773
38_y384_x384.png,False,0.4080515205860138,0.8517392777719038,0.8803858524746435,0.8569595899391931,0.875478927600642,0.8798474256838925
38_y448_x192.png,False,0.4616559445858001,0.8772398019877243,0.8778349535394798,0.8807339451774313,0.8814772943631481,0.8770195782607497
38_y448_x256.png,False,0.4917334914207458,0.8692968925076111,0.8682306514618929,0.8656521742051041,0.868823786906813,0.8596988874979297
38_y456_x192.png,False,0.476721853017807,0.8744241941229237,0.8717743551274768,0.8801100631287145,0.8800949745150475,0.8739529320423755
38_y456_x256.png,False,0.4951851963996887,0.8635812942486522,0.8631984589036646,0.8613696018578632,0.8646183392591975,0.8548812668388553
