patch_name,gt_sci_res2_norm,pred_sci,is_true_hard,pred_above_tau,oracle_above_tau,baseline_dice,frozen_dice,delta_dice_frozen_vs_baseline,baseline_recall,frozen_recall,delta_recall_frozen_vs_baseline,sample_id,fov_ratio,vessel_area,skeleton_len,junction_count,endpoint_count,component_count,endpoint_eff,topo_density,sci_topo_norm,group
21_y64_x64.png,0.4269723892211914,0.4940216541290283,False,False,False,0.9113162120559466,0.9111024846445992,-0.00021372741134739748,0.9058635783571456,0.9361786959067463,0.0303151175496007,21,0.831726,2507.0,507.0,12.0,9.0,2.0,5.0,0.0300788948702387,0.0302836447954177,neither
21_y64_x128.png,0.42049455642700195,0.3990743160247803,False,False,False,0.9134310320087158,0.9165547097827217,0.0031236777740059063,0.894114164761567,0.908015377379428,0.013901212617860925,21,0.990601,3381.0,723.0,15.0,14.0,3.0,8.0,0.0287690175827245,0.0531595237553119,neither
21_y64_x192.png,0.3798713982105255,0.41464197635650635,False,False,False,0.894508398009986,0.8967607503376382,0.002252352327652196,0.8879730202773585,0.8868490037959946,-0.0011240164813638431,21,1.0,2669.0,670.0,11.0,12.0,3.0,6.0,0.0240298503876141,0.1235627382993698,neither
21_y64_x256.png,0.42139333486557007,0.44550269842147827,False,False,False,0.8840436077620543,0.8892843023145822,0.005240694552527958,0.9024686325274437,0.9101578271543592,0.00768919462691553,21,1.0,2471.0,691.0,11.0,19.0,4.0,11.0,0.028002893950754,0.1842059195041656,neither
21_y64_x320.png,0.4316003620624542,0.4500766396522522,False,False,False,0.8684014873149901,0.8720930235656662,0.0036915362506760863,0.8943338392325991,0.9188361361978757,0.024502296965276615,21,0.964294,1959.0,582.0,8.0,15.0,4.0,7.0,0.0256872847820054,0.2151542603969574,neither
21_y128_x64.png,0.3837968707084656,0.44076645374298096,False,False,False,0.9101602706805466,0.9105760964308167,0.0004158257502701046,0.9119033561817814,0.9360636389626881,0.02416028278090665,21,0.99762,3394.0,684.0,19.0,15.0,4.0,7.0,0.0379385959365702,0.0356415398418903,neither
21_y128_x128.png,0.4292093813419342,0.3832781910896301,False,False,False,0.9087534798812968,0.9097318009046256,0.000978321023328732,0.9198497153417353,0.9292423264582268,0.009392611116491478,21,1.0,3194.0,748.0,16.0,18.0,4.0,10.0,0.0320855610683748,0.0980046540498733,neither
21_y128_x192.png,0.38636189699172974,0.417652428150177,False,False,False,0.8978176628639248,0.898996107561983,0.0011784446980581675,0.9095041284731233,0.906611566501605,-0.002892561971518326,21,1.0,2420.0,655.0,11.0,14.0,3.0,8.0,0.0256488545702464,0.1639602035284042,neither
21_y128_x256.png,0.4006681740283966,0.4539746046066284,False,False,False,0.8742667690021251,0.8732612058906203,-0.0010055631115047925,0.890852386222181,0.8809771263982478,-0.009875259823933225,21,1.0,1924.0,616.0,8.0,16.0,4.0,8.0,0.0248376619344535,0.2578544318675995,neither
21_y128_x320.png,0.4678260087966919,0.4679624140262604,False,False,False,0.8032454369036696,0.7958697386978961,-0.00737569820577344,0.8714788655679677,0.8820422457566703,0.01056338018870262,21,1.0,1136.0,513.0,6.0,16.0,6.0,4.0,0.0290448337418161,0.5006767511367798,neither
21_y128_x384.png,0.5694952011108398,0.4915989637374878,False,False,False,0.6934131754885439,0.7150838004743921,0.021670624985848264,0.7130541784106629,0.7881773301948605,0.0751231517841976,21,0.966431,806.0,433.0,4.0,17.0,6.0,5.0,0.0306004611870563,0.6471719741821289,neither
21_y192_x0.png,0.62925124168396,0.7460672855377197,True,True,True,0.8790262730012969,0.8809794990304961,0.0019532260291992287,0.8680738760830434,0.9070653740631328,0.038991497980089385,21,0.875671,3411.0,766.0,26.0,18.0,1.0,16.0,0.0412532631690174,0.0871002897620201,both
21_y192_x64.png,0.3825763165950775,0.5385534763336182,False,False,False,0.863814756939139,0.8684407798567452,0.004626022917606165,0.8570872240767631,0.9022585634647251,0.04517133938796203,21,1.0,2568.0,654.0,13.0,16.0,5.0,6.0,0.032262996448578,0.1395927220582962,neither
21_y192_x128.png,0.42940589785575867,0.40226906538009644,False,False,False,0.829734513877046,0.8106611290735164,-0.019073384803529603,0.8939740587797554,0.8932112822790902,-0.000762776500665252,21,1.0,1311.0,529.0,5.0,20.0,7.0,6.0,0.0304347820333689,0.4186836779117584,neither
21_y192_x192.png,0.4059780240058899,0.4620834290981293,False,False,False,0.8175119210337584,0.8144067804474289,-0.003105140586329491,0.8813084029784262,0.8981308327277493,0.01682242974932313,21,1.0,1070.0,455.0,4.0,22.0,10.0,2.0,0.0399999991208791,0.4732140898704529,neither
21_y192_x256.png,0.34366703033447266,0.4839898943901062,False,False,False,0.788381743992995,0.7835777138793096,-0.004804030113685354,0.8407079539733509,0.8445006214348847,0.0037926674615338385,21,1.0,791.0,364.0,4.0,17.0,7.0,3.0,0.0385989000384917,0.532529890537262,neither
21_y192_x320.png,0.5593909621238708,0.4964892864227295,False,False,False,0.6776859523159035,0.6870669764026156,0.009381024086712153,0.8005578688904064,0.829846571410787,0.029288702520380627,21,1.0,717.0,424.0,5.0,16.0,6.0,4.0,0.0327830180947401,0.7387596964836121,neither
21_y192_x384.png,0.7820011973381042,0.5024278163909912,True,False,True,0.5873605973521648,0.6292654735149481,0.04190487616278327,0.6396761047277179,0.7341430400250603,0.0944669352973424,21,1.0,741.0,518.0,5.0,20.0,8.0,4.0,0.032625481995647,0.9032790660858154,oracle_only
21_y192_x437.png,0.8816248774528503,0.628243625164032,True,True,True,0.6048324270862633,0.6304188124142629,0.025586385327999617,0.5969230677396451,0.659999989846154,0.06307692210650895,21,0.803406,650.0,448.0,7.0,12.0,5.0,2.0,0.0305803564602599,0.8836119174957275,both
21_y256_x0.png,0.5043317675590515,0.6488021612167358,False,True,False,0.8515198755816058,0.855233853275364,0.0037139776937582525,0.819272587854246,0.8638920102591225,0.044619422404876596,21,0.898499,2667.0,619.0,13.0,12.0,2.0,8.0,0.0279483032641631,0.0896543785929679,pred_only
21_y256_x64.png,0.37852293252944946,0.43035420775413513,False,False,False,0.8556869142770344,0.8673891628228785,0.011702248545844118,0.8342607280037331,0.8748012683831428,0.040540540379409684,21,1.0,2516.0,665.0,8.0,10.0,3.0,4.0,0.0186466162609531,0.1437456458806991,neither
21_y256_x128.png,0.4330912232398987,0.41694220900535583,False,False,False,0.8116071436981823,0.7966025936674,-0.015004550030782271,0.846368707203271,0.8296089308230081,-0.016759776380262825,21,1.0,1074.0,479.0,3.0,19.0,8.0,3.0,0.0303757822468521,0.4933516979217529,neither
21_y256_x192.png,0.6142100691795349,0.48241090774536133,True,False,True,0.7495338735268249,0.7281733762961401,-0.021360497230684783,0.7810880727838333,0.7616580212220464,-0.0194300515617869,21,1.0,772.0,453.0,3.0,25.0,12.0,1.0,0.0438189835801548,0.755608856678009,oracle_only
21_y256_x256.png,0.5735886693000793,0.505601704120636,False,False,False,0.7348668296920894,0.7256843347368414,-0.009182494955248033,0.779204097827932,0.7997432503242202,0.020539152496288238,21,1.0,779.0,447.0,4.0,22.0,8.0,6.0,0.0371364644935914,0.7201806306838989,neither
21_y256_x320.png,0.6356154680252075,0.5091558694839478,True,False,True,0.7022758954840878,0.7032868090802034,0.0010109135961156035,0.831683159167402,0.859185909139869,0.027502749972467044,21,1.0,909.0,520.0,7.0,21.0,7.0,7.0,0.0354807685484467,0.7138070464134216,oracle_only
21_y256_x384.png,0.859097957611084,0.5288603901863098,True,False,True,0.6390471277107865,0.656985479934975,0.017938352224188492,0.7319098371066449,0.7781731817535803,0.04626334464693538,21,1.0,843.0,594.0,6.0,24.0,10.0,4.0,0.035185184592842,0.9179728627204896,oracle_only
21_y256_x437.png,1.0,0.6566623449325562,True,True,True,0.580592108712236,0.6049766749224209,0.02438456621018492,0.6303571316007656,0.6946428447385207,0.06428571313775511,21,0.826477,560.0,463.0,5.0,25.0,11.0,3.0,0.0454643618690202,1.0,both
21_y320_x64.png,0.31051942706108093,0.39909327030181885,False,False,False,0.8809924308641874,0.8772717993112685,-0.003720631552918907,0.8773031789057655,0.899497483670446,0.02219430476468054,21,1.0,2388.0,575.0,11.0,12.0,4.0,4.0,0.0293913038366729,0.1086666733026504,neither
21_y320_x128.png,0.3334413766860962,0.39284858107566833,False,False,False,0.883731410807275,0.8715308865901279,-0.012200524217147124,0.9078703661672667,0.9013888847157921,-0.006481481451474536,21,1.0,2160.0,584.0,10.0,11.0,3.0,5.0,0.0252568488825882,0.1629481762647628,neither
21_y320_x192.png,0.4316904842853546,0.4269465208053589,False,False,False,0.8555691558887113,0.8441438676786233,-0.011425288210088036,0.8973042304409228,0.8812580174502053,-0.016046212990717512,21,1.0,1558.0,586.0,7.0,14.0,4.0,6.0,0.0232081907302356,0.3583750128746032,neither
21_y320_x256.png,0.5058727264404297,0.4484745264053345,False,False,False,0.8484848489349827,0.8377581125729849,-0.010726736361997724,0.8936170156844992,0.8886107578935497,-0.005006257790949542,21,1.0,1598.0,650.0,7.0,15.0,3.0,9.0,0.0202307689195266,0.4080216288566589,neither
21_y320_x320.png,0.5766934156417847,0.4707324504852295,False,False,False,0.8074494955572933,0.8124040533853115,0.004954557828018236,0.8694765406561759,0.8993881651979051,0.029911624541729243,21,1.0,1471.0,650.0,9.0,25.0,8.0,9.0,0.0348461533100591,0.4939310550689697,neither
21_y320_x384.png,0.7871647477149963,0.521058201789856,True,False,True,0.6868792488924242,0.7129400113389192,0.02606076244649491,0.7448979507381185,0.8151927345216243,0.07029478378350584,21,0.99469,882.0,578.0,9.0,19.0,5.0,9.0,0.0314013835397684,0.8347250819206238,oracle_only
21_y384_x64.png,0.40188461542129517,0.4864610433578491,False,False,False,0.8316229576905247,0.805012901566484,-0.02661005612404077,0.8467492194524054,0.8452012318482877,-0.0015479876041177842,21,0.92749,1292.0,429.0,11.0,12.0,2.0,8.0,0.0356643348329991,0.294744461774826,neither
21_y384_x128.png,0.3591182231903076,0.4021073877811432,False,False,False,0.8848892407340007,0.8727984346911968,-0.012090806042803881,0.9056680125276598,0.9028340044419675,-0.002834008085692341,21,1.0,2470.0,624.0,16.0,13.0,1.0,11.0,0.0318108969261074,0.1350149661302566,neither
21_y384_x192.png,0.3693583607673645,0.40026330947875977,False,False,False,0.8942060512275933,0.8996282529844879,0.005422201756894562,0.9131663937271146,0.9285137280754695,0.01534733434835489,21,1.0,2476.0,644.0,12.0,11.0,2.0,7.0,0.0247670803607596,0.1422541439533233,neither
21_y384_x256.png,0.4283750653266907,0.41515427827835083,False,False,False,0.8699728599309824,0.877397426857496,0.007424566926513609,0.8740703972529975,0.8958849732479675,0.021814575994969942,21,1.0,2017.0,650.0,9.0,17.0,4.0,9.0,0.0256153842213017,0.2628138065338135,neither
21_y384_x320.png,0.4398208260536194,0.444785475730896,False,False,False,0.8660274686031939,0.8725415073498302,0.006514038746636253,0.8694068633225449,0.8886576436594296,0.019250780336884654,21,0.998901,1922.0,632.0,12.0,21.0,5.0,11.0,0.0345727842630888,0.2871514558792114,neither
21_y384_x384.png,0.5617516040802002,0.5555672645568848,False,False,False,0.8348781330762852,0.8478920747119998,0.013013941635714565,0.8328767066241322,0.8609588982126103,0.028082191588478134,21,0.848389,1459.0,523.0,11.0,11.0,1.0,9.0,0.0270554488134713,0.332006961107254,neither
21_y448_x192.png,0.5178101658821106,0.42017629742622375,False,False,False,0.8778383290693954,0.880124086239477,0.002285757170081615,0.8444735655549428,0.8676277812685549,0.023154215713612092,21,0.901001,2289.0,612.0,12.0,12.0,1.0,10.0,0.0253267969717843,0.1571475118398666,neither
21_y448_x256.png,0.5348518490791321,0.4299483299255371,False,False,False,0.8720253837334072,0.8764616169891672,0.004436233255760036,0.816740956826444,0.8538880591684593,0.03714710234201535,21,0.881836,2019.0,585.0,8.0,17.0,5.0,7.0,0.0281196576389802,0.2039734870195388,neither
21_y456_x192.png,0.5069828629493713,0.4414799213409424,False,False,False,0.867305061922558,0.8715498941837848,0.00424483226122685,0.8276762358868082,0.8574412487862076,0.02976501289939948,21,0.838501,1915.0,548.0,8.0,12.0,2.0,8.0,0.0224452550648676,0.190274640917778,neither
21_y456_x256.png,0.5036824345588684,0.4479566812515259,False,False,False,0.8577749688439477,0.8643914229405273,0.006616454096579627,0.8010625690610238,0.8447461579412859,0.043683588880262136,21,0.819336,1694.0,520.0,8.0,13.0,3.0,7.0,0.0258653841179733,0.234225258231163,neither
22_y64_x64.png,0.4515056908130646,0.4979323744773865,False,False,False,0.8155706734105417,0.8129469333347876,-0.002623740075754055,0.76851851304474,0.7692307637519177,0.0007122507071777306,22,0.817383,1404.0,449.0,7.0,13.0,3.0,7.0,0.0277282844603945,0.2609582245349884,neither
22_y64_x128.png,0.5847282409667969,0.46779006719589233,True,False,False,0.7902439029506247,0.7806691455249836,-0.009574757425641178,0.7410795940481262,0.7204940497690115,-0.02058554427911463,22,0.98822,2186.0,782.0,18.0,17.0,2.0,13.0,0.030754475310045,0.3360079526901245,neither
22_y64_x192.png,0.5611215233802795,0.48083728551864624,False,False,False,0.799648120079947,0.8029490621024374,0.0033009420224904273,0.7568692724526674,0.7481265580844023,-0.008742714368265125,22,1.0,2402.0,817.0,19.0,18.0,3.0,12.0,0.0320685430591365,0.3050987720489502,neither
22_y64_x256.png,0.44736844301223755,0.5093605518341064,False,False,False,0.8263069143627595,0.8322717625641789,0.005964848201419404,0.7833732982279245,0.7833732982279245,0.0,22,1.0,2502.0,721.0,15.0,16.0,1.0,14.0,0.0276005544022114,0.2002963274717331,neither
22_y64_x320.png,0.49533310532569885,0.50965416431427,False,False,False,0.814015074732094,0.8328646045944865,0.018849529862392522,0.736454107126966,0.7640987808179182,0.027644673690952137,22,0.976257,2713.0,729.0,19.0,14.0,1.0,12.0,0.0318244165730532,0.1670817881822586,neither
22_y128_x64.png,0.54018235206604,0.42466622591018677,False,False,False,0.8146911523618147,0.8095009601499498,-0.005190192211864897,0.787459655198434,0.7777777741918959,-0.009681881006538107,22,0.995056,2169.0,753.0,15.0,20.0,3.0,14.0,0.0304116861831117,0.3159254193305969,neither
22_y128_x128.png,0.5663115978240967,0.25388509035110474,False,False,False,0.8267640841631146,0.8227679424656997,-0.003996141697414912,0.8128544392708716,0.8170132294252808,0.00415879015440912,22,1.0,2645.0,860.0,19.0,20.0,2.0,16.0,0.0303488368564088,0.2745193541049957,neither
22_y128_x192.png,0.5750489830970764,0.26228761672973633,False,False,False,0.824195906754028,0.8277616282199098,0.003565721465881855,0.8155515341209709,0.8238697981053533,0.008318263984382401,22,1.0,2765.0,883.0,21.0,20.0,2.0,16.0,0.0318233291979237,0.2654687762260437,neither
22_y128_x256.png,0.5609104037284851,0.3339754045009613,False,False,False,0.8094415662839348,0.81805903951754,0.008617473233605177,0.7808219149173568,0.7848944806186802,0.004072565701323416,22,1.0,2701.0,858.0,19.0,22.0,3.0,16.0,0.0321678317929157,0.2626981437206268,neither
22_y128_x320.png,0.5235212445259094,0.44963374733924866,False,False,False,0.8129055518873368,0.8179524156129192,0.0050468637255823845,0.7403151650022483,0.7449113567140139,0.004596191711765618,22,1.0,3046.0,847.0,21.0,21.0,4.0,13.0,0.0354781577865624,0.1898026168346405,neither
22_y128_x384.png,0.5235865712165833,0.5287398099899292,False,False,False,0.8496240603765052,0.8509316772390836,0.001307616862578409,0.7771664352760208,0.7914717997483581,0.014305364472337323,22,0.981506,3630.0,848.0,16.0,21.0,3.0,15.0,0.0285966977759823,0.0933598801493644,neither
22_y192_x0.png,0.8072956204414368,0.6098061800003052,True,True,True,0.6944140213887513,0.6905428109091057,-0.0038712104796455593,0.6084452916655922,0.5921305125515306,-0.01631477911406165,22,0.850525,1042.0,554.0,12.0,17.0,4.0,9.0,0.035469313439182,0.6479111313819885,both
22_y192_x64.png,0.7491727471351624,0.4101030230522156,True,False,True,0.7392950779513688,0.729698376654007,-0.009596701297361787,0.7202043091929381,0.7139614034394927,-0.006242905753445438,22,1.0,1762.0,843.0,17.0,30.0,9.0,12.0,0.0393831549302116,0.5656111240386963,oracle_only
22_y192_x128.png,0.6265934109687805,0.19738629460334778,True,False,True,0.7528089894253371,0.7504582357935108,-0.0023507536318263522,0.7743533254025684,0.7886626263694957,0.014309300966927285,22,1.0,1817.0,778.0,12.0,22.0,4.0,14.0,0.0275064263816654,0.4574360251426697,oracle_only
22_y192_x192.png,0.5426118969917297,0.2398536205291748,False,False,False,0.758104738908651,0.7561643843039136,-0.0019403546047374043,0.7334137470843561,0.7490952910187256,0.01568154393436949,22,1.0,1658.0,668.0,10.0,23.0,8.0,7.0,0.034356286910834,0.4238620102405548,neither
22_y192_x256.png,0.6109257936477661,0.2725965082645416,True,False,True,0.7071672364943098,0.7241264568248704,0.01695922033056063,0.6395061688919372,0.6716049341258955,0.03209876523395827,22,1.0,1620.0,700.0,14.0,27.0,8.0,11.0,0.0404999994214285,0.4863275587558746,oracle_only
22_y192_x320.png,0.5993678569793701,0.297730416059494,True,False,False,0.7319735715829544,0.7345390906226981,0.002565519039743669,0.6567010275427783,0.648969068819747,-0.007731958723031229,22,1.0,1940.0,769.0,11.0,28.0,9.0,10.0,0.0344603376533116,0.4122909009456634,neither
22_y192_x384.png,0.577846109867096,0.4442739486694336,False,False,False,0.8430953401124478,0.8309405217829761,-0.01215481832947174,0.7890104006694841,0.7564683895532984,-0.03254201111618571,22,1.0,3749.0,992.0,23.0,22.0,2.0,18.0,0.0310483867837864,0.158079519867897,neither
22_y192_x437.png,0.681067943572998,0.6422232389450073,True,True,True,0.8444650589912414,0.8364493325428919,-0.00801572644834947,0.7976051378574616,0.7774532687574378,-0.020151869100023756,22,0.855896,3422.0,832.0,23.0,21.0,2.0,17.0,0.0365985572524211,0.1208058819174766,both
22_y256_x0.png,0.9527600407600403,0.6153155565261841,True,True,True,0.5321739171115312,0.521446597801122,-0.010727319310409156,0.42977527486270684,0.4353932523118925,0.005617977449185685,22,0.873169,712.0,490.0,6.0,23.0,9.0,5.0,0.0403061216264056,0.9061570167541504,both
22_y256_x64.png,0.8356077671051025,0.5116906762123108,True,False,True,0.6877828067141801,0.6789137393014626,-0.008869067412717535,0.653635647743271,0.6645816992605027,0.010946051517231714,22,1.0,1279.0,751.0,14.0,31.0,9.0,13.0,0.0406790939989468,0.7493845820426941,oracle_only
22_y256_x128.png,0.8580194115638733,0.30710846185684204,True,False,True,0.65994021053834,0.656543746722546,-0.0033964638157939486,0.6609281387655079,0.6796407134757432,0.01871257471023524,22,1.0,1336.0,792.0,12.0,32.0,10.0,12.0,0.0374999995265151,0.7514498829841614,oracle_only
22_y256_x192.png,0.8000372052192688,0.2788650691509247,True,False,True,0.5944751403620158,0.5976890777432297,0.003213937381213894,0.5445344074439837,0.5759109253450312,0.03137651790104745,22,1.0,988.0,607.0,5.0,38.0,17.0,4.0,0.0500823714978192,0.8140879273414612,oracle_only
22_y256_x256.png,0.6302229166030884,0.28638172149658203,True,False,True,0.6672879791831874,0.6729900647109752,0.005702085527787837,0.63418954265554,0.6598759906122588,0.025686447956718816,22,1.0,1129.0,585.0,5.0,27.0,12.0,3.0,0.0385470078880853,0.6315577030181885,oracle_only
22_y256_x320.png,0.5305317044258118,0.23761671781539917,False,False,False,0.7668455582383854,0.7671232883647311,0.0002777301263456877,0.7542521949897232,0.7554252155107025,0.0011730205209793398,22,1.0,1705.0,682.0,5.0,21.0,8.0,5.0,0.0252932547610959,0.4042310714721679,neither
22_y256_x384.png,0.48218631744384766,0.33915531635284424,False,False,False,0.8444854640140202,0.8585905115022409,0.014105047488220612,0.7998251724946819,0.814685312311523,0.01486013981684109,22,1.0,3432.0,836.0,18.0,18.0,2.0,14.0,0.0291866025216913,0.1141009479761123,neither
22_y256_x437.png,0.5935457348823547,0.6158661842346191,True,True,False,0.8504594822882883,0.8643533125280536,0.013893830239765315,0.796058802639791,0.8142008107156683,0.01814200807587729,22,0.877991,3197.0,723.0,18.0,18.0,2.0,14.0,0.0337482706258883,0.0831708461046218,pred_only
22_y320_x64.png,0.5738767385482788,0.5402281880378723,False,False,False,0.7790476197490552,0.7738317764055085,-0.005215843343546744,0.7588126112627545,0.7680890490532526,0.009276437790498138,22,1.0,1617.0,697.0,13.0,14.0,1.0,12.0,0.0246771875943014,0.4576430320739746,neither
22_y320_x128.png,0.6539981365203857,0.34772056341171265,True,False,True,0.7773797344488748,0.7817998999954754,0.0044201655466006295,0.791970798790559,0.8107403503089659,0.01876955151840687,22,1.0,1918.0,820.0,17.0,18.0,3.0,12.0,0.0295121947620464,0.4596761167049408,oracle_only
22_y320_x192.png,0.5466936230659485,0.16115659475326538,False,False,False,0.7955942628186623,0.8020253169568979,0.006431054138235637,0.8034143776336555,0.8194516253520351,0.016037247718379555,22,1.0,1933.0,733.0,11.0,21.0,5.0,11.0,0.0284447472244918,0.3718615174293518,neither
22_y320_x256.png,0.5516217947006226,0.18338263034820557,False,False,False,0.7907902223115685,0.7807242663794575,-0.010065955932111015,0.7744988821018993,0.7622494389629764,-0.012249443138922955,22,1.0,1796.0,710.0,9.0,22.0,7.0,8.0,0.0292957742352707,0.4022247791290283,neither
22_y320_x320.png,0.4787483215332031,0.21248391270637512,False,False,False,0.8284625162463735,0.824914383936399,-0.0035481323099744166,0.8082644594699815,0.7962809884451199,-0.011983471024861636,22,1.0,2420.0,745.0,12.0,18.0,4.0,10.0,0.0268456372235484,0.2371521741151809,neither
22_y320_x384.png,0.36859384179115295,0.2787848114967346,False,False,False,0.8799762330956978,0.8912666282659534,0.01129039517025554,0.8470117219130348,0.8813268490668377,0.034315127153802916,22,0.999146,3497.0,687.0,11.0,17.0,4.0,9.0,0.0271470156164917,0.0157242380082607,neither
22_y384_x64.png,0.5000293254852295,0.5104782581329346,False,False,False,0.7916270225447922,0.8108108113985374,0.019183788853745165,0.7504509876701685,0.7847263933570271,0.03427540568685861,22,0.917847,1663.0,541.0,8.0,16.0,4.0,8.0,0.028280960660241,0.2720955312252044,neither
22_y384_x128.png,0.5021559000015259,0.46209612488746643,False,False,False,0.8281786945271077,0.8354914034483308,0.007312708921223154,0.8124736586073591,0.8293299585784661,0.016856299971107047,22,1.0,2373.0,757.0,15.0,20.0,3.0,14.0,0.0302509903533554,0.2627565264701843,neither
22_y384_x192.png,0.5025299191474915,0.29907292127609253,False,False,False,0.8583261434713958,0.8642942280533046,0.0059680845819087835,0.8505471927135868,0.8679890531190524,0.01744186040546558,22,1.0,2924.0,819.0,17.0,20.0,3.0,14.0,0.0304029300317102,0.1878882944583892,neither
22_y384_x256.png,0.5207538604736328,0.2385568618774414,False,False,False,0.8628454454745045,0.8592365373905307,-0.0036089080839737386,0.8213705721943144,0.8187723260189271,-0.0025982461753872865,22,1.0,3079.0,849.0,17.0,25.0,6.0,13.0,0.0342167251564578,0.1837308555841446,neither
22_y384_x320.png,0.5111030340194702,0.22686266899108887,False,False,False,0.8539445631593024,0.8516129034917331,-0.002331659667569319,0.8320637090302503,0.8227146785917081,-0.009349030438542183,22,1.0,2888.0,826.0,14.0,24.0,5.0,14.0,0.0301452780854082,0.1991400569677353,neither
22_y384_x384.png,0.46526962518692017,0.36421123147010803,False,False,False,0.8842924434071422,0.8805336570031662,-0.0037587864039759777,0.885561932380796,0.8933552055235635,0.007793273142767565,22,0.877319,2437.0,556.0,9.0,14.0,2.0,10.0,0.0251798556622328,0.0789592638611793,neither
22_y448_x192.png,0.5547835826873779,0.3891274929046631,False,False,False,0.8448275865890946,0.8475565284523304,0.002728941863235801,0.8241230138196876,0.8375780834330702,0.013455069613382609,22,0.900513,2081.0,617.0,13.0,17.0,2.0,13.0,0.0308752020927844,0.2203751355409622,neither
22_y448_x256.png,0.5562225580215454,0.3450263738632202,False,False,False,0.8611346319620352,0.8661780107514596,0.005043378789424402,0.8185110631045832,0.8321931556048564,0.01368209250027319,22,0.890625,2485.0,652.0,13.0,16.0,2.0,12.0,0.0286809811551996,0.1510429680347442,neither
22_y456_x192.png,0.5525642037391663,0.4066208004951477,False,False,False,0.8372223788663976,0.8459197791260864,0.008697400259688792,0.8154435880862893,0.8373493930046583,0.02190580491836902,22,0.838013,1826.0,567.0,10.0,14.0,3.0,8.0,0.0278659607078313,0.2435225695371627,neither
22_y456_x256.png,0.5519362688064575,0.37139958143234253,False,False,False,0.8397849466672448,0.8476469028246559,0.007861956157411143,0.8018480451650511,0.8182751498035157,0.01642710463846453,22,0.828125,1948.0,585.0,10.0,13.0,2.0,9.0,0.0250427346146541,0.2205103635787964,neither
36_y64_x64.png,0.5902696251869202,0.5256274938583374,True,False,False,0.8565143000329644,0.8612350320233976,0.0047207319904332135,0.7989056051121495,0.8362973058080377,0.037391700695888264,36,0.837891,2193.0,635.0,15.0,16.0,1.0,14.0,0.0313385821836443,0.207475334405899,neither
36_y64_x128.png,0.536357045173645,0.5241461396217346,False,False,False,0.861389818169101,0.8618063114584579,0.00041649328935688956,0.8099231278479275,0.8301886763445538,0.020265548496626318,36,0.991943,2862.0,831.0,17.0,20.0,3.0,14.0,0.0299638985563911,0.2073739916086197,neither
36_y64_x192.png,0.5173846483230591,0.5373941659927368,False,False,False,0.8441510820605957,0.8539366518480784,0.009785569787482684,0.7693850241664939,0.7884358262418588,0.019050802075364914,36,1.0,2992.0,842.0,18.0,21.0,3.0,15.0,0.0311757716012378,0.1913804858922958,neither
36_y64_x256.png,0.490077406167984,0.545311450958252,False,False,False,0.8435599781765986,0.8375504220066916,-0.006009556169906949,0.7683786479745597,0.7667002324044974,-0.0016784155700623193,36,1.0,2979.0,806.0,17.0,21.0,4.0,13.0,0.0323200988545893,0.1713142246007919,neither
36_y64_x320.png,0.49871620535850525,0.5345425605773926,False,False,False,0.8775222901962736,0.8702266378916071,-0.0072956523046664445,0.8196960817659378,0.8191116282317018,-0.0005844535342359736,36,0.969055,3422.0,768.0,17.0,14.0,2.0,10.0,0.0286458329603407,0.0747476741671562,neither
36_y128_x64.png,0.5165954232215881,0.5277813673019409,False,False,False,0.8264379419111051,0.837734037835492,0.011296095924386962,0.7506874392727431,0.7997250192496561,0.04903757997691305,36,0.998169,2182.0,738.0,15.0,19.0,4.0,11.0,0.0316395659669435,0.3009186089038849,neither
36_y128_x128.png,0.5565809607505798,0.5348032116889954,False,False,False,0.8473465825565701,0.8543005184366829,0.006953935880112727,0.7918367314618908,0.8412244863623489,0.0493877549004581,36,1.0,2450.0,825.0,14.0,21.0,5.0,11.0,0.0289090905586776,0.2943789660930633,neither
36_y128_x192.png,0.5807345509529114,0.5450920462608337,False,False,False,0.8213596401000223,0.8296296299801861,0.008269989880163808,0.7883902808217773,0.8299711781392705,0.04158089731749315,36,1.0,2429.0,849.0,15.0,22.0,3.0,16.0,0.0277974083887231,0.3166131973266601,neither
36_y128_x256.png,0.49514466524124146,0.549066960811615,False,False,False,0.822121896564059,0.8207734810590642,-0.00134841550499476,0.7845756105791658,0.8000861663072547,0.015510555728088904,36,1.0,2321.0,746.0,13.0,19.0,4.0,11.0,0.0286193025654249,0.2651778161525726,neither
36_y128_x320.png,0.41361919045448303,0.5636543035507202,False,False,False,0.8756433672992805,0.8806948543416997,0.0050514870424192004,0.8438399972997119,0.8598399972485119,0.01599999994879997,36,1.0,3125.0,728.0,17.0,16.0,1.0,14.0,0.0300824171691975,0.0935160592198371,neither
36_y128_x384.png,0.4373364746570587,0.5750085115432739,False,False,False,0.8985946543144191,0.8939820400831229,-0.004612614231296219,0.8744971818865723,0.8943416441556942,0.019844462269121843,36,0.971802,3729.0,705.0,13.0,13.0,3.0,7.0,0.0261702123947487,0.0,neither
36_y192_x0.png,0.5589815378189087,0.6408663988113403,False,True,False,0.7651549179831391,0.7778730712784173,0.012718153295278256,0.6865431048626663,0.7308622020075568,0.04431909714489046,36,0.882019,1241.0,474.0,8.0,23.0,7.0,9.0,0.0425105476263597,0.3983378708362579,pred_only
36_y192_x64.png,0.5307239294052124,0.5355876088142395,False,False,False,0.7718832898810236,0.7977386941025795,0.025855404221555855,0.7054545411790634,0.7696969650321396,0.06424242385307621,36,1.0,1650.0,650.0,10.0,29.0,9.0,11.0,0.0397692301573964,0.4161846935749054,neither
36_y192_x128.png,0.5655413866043091,0.5407496690750122,False,False,False,0.8143851513503911,0.8214971214107565,0.007111970060365347,0.7774086335691659,0.8294573597482982,0.052048726179132254,36,1.0,1806.0,706.0,11.0,31.0,10.0,11.0,0.0401558067966599,0.4112538695335388,neither
36_y192_x192.png,0.5530785918235779,0.5556672215461731,False,False,False,0.7730518479569952,0.7668547675472089,-0.006197080409786282,0.7540884266863209,0.7819503283952131,0.027861901708892134,36,1.0,1651.0,671.0,9.0,28.0,9.0,10.0,0.0365126671160556,0.4336768388748169,neither
36_y192_x256.png,0.45233413577079773,0.5619259476661682,False,False,False,0.7734288870633163,0.7648817619872744,-0.008547125076041828,0.7183819727681414,0.7204301038380435,0.0020481310699020927,36,1.0,1953.0,656.0,7.0,21.0,8.0,5.0,0.029344511747797,0.2934013307094574,neither
36_y192_x320.png,0.34948432445526123,0.5911608934402466,False,False,False,0.8137034263223221,0.7803439808836757,-0.03335944543864633,0.7755004729480435,0.7569113405294978,-0.01858913241854565,36,1.0,2098.0,595.0,6.0,15.0,5.0,5.0,0.0231092433090883,0.186141237616539,neither
36_y192_x384.png,0.3994360566139221,0.5850545167922974,False,False,False,0.8807938374712184,0.8496664958316232,-0.031127341639595185,0.8639856535246269,0.84836065356465,-0.015624999959976904,36,1.0,3904.0,733.0,18.0,17.0,2.0,13.0,0.032810367901632,0.0021506235934793,neither
36_y192_x437.png,0.5238466262817383,0.7162048816680908,False,True,False,0.8837653480439763,0.8521024010450956,-0.031662946998880726,0.8397718412243406,0.8327715819736282,-0.0070002592507123484,36,0.819275,3857.0,635.0,16.0,17.0,2.0,13.0,0.0347244089019778,0.0,pred_only
36_y256_x0.png,0.60186368227005,0.6587375402450562,True,True,True,0.7745713100185223,0.778309410772291,0.0037381007537686806,0.7101226939407769,0.7484662519289398,0.03834355798816291,36,0.903198,1304.0,532.0,7.0,18.0,6.0,6.0,0.0312030069322743,0.4278923869132995,both
36_y256_x64.png,0.5731769800186157,0.5385894179344177,False,False,False,0.8003778343816819,0.812610489650529,0.012232655268847092,0.7389534840758518,0.8017441813852083,0.06279069730935649,36,1.0,1720.0,691.0,14.0,30.0,8.0,14.0,0.0425470326693627,0.4348636865615845,neither
36_y256_x128.png,0.5993478894233704,0.5462116003036499,True,False,False,0.7695445283156203,0.7807017550729896,0.011157226757369298,0.7004950451702039,0.7710395991891114,0.07054455401890747,36,1.0,1616.0,690.0,9.0,32.0,12.0,8.0,0.0410144921592102,0.4780448973178863,neither
36_y256_x192.png,0.5283802151679993,0.5704672336578369,False,False,False,0.7230460932944044,0.7302904574489232,0.00724436415451879,0.6303284372443855,0.6764500302134868,0.046121592969101344,36,1.0,1431.0,600.0,5.0,32.0,13.0,6.0,0.0418333326361111,0.4655770063400268,neither
36_y256_x256.png,0.5275992155075073,0.5800438523292542,False,False,False,0.7118983966848316,0.7058437304470002,-0.006054666237831352,0.6145412543881059,0.6203115948048956,0.005770340416789699,36,1.0,1733.0,679.0,7.0,23.0,8.0,7.0,0.0293814428662526,0.3960451781749725,neither
36_y256_x320.png,0.4755246341228485,0.5967495441436768,False,False,False,0.7342968323115708,0.7186788162907779,-0.015618016020792935,0.6934383165698776,0.6624671881235318,-0.030971128446345864,36,1.0,1905.0,676.0,8.0,16.0,5.0,6.0,0.0238165676950211,0.3207306861877441,neither
36_y256_x384.png,0.4565361738204956,0.5733798742294312,False,False,False,0.8479313686897311,0.8275201753145669,-0.02041119337516417,0.8410650539635876,0.8303595914620927,-0.010705462501494845,36,1.0,3643.0,809.0,18.0,18.0,3.0,12.0,0.0311495669820819,0.0722994059324264,neither
36_y256_x437.png,0.5837335586547852,0.7059398889541626,True,True,False,0.8752660708453724,0.8532376089282927,-0.022028461917079745,0.8493527930340049,0.851005230374538,0.0016524373405331083,36,0.841125,3631.0,715.0,16.0,17.0,3.0,11.0,0.0319580415110763,0.0207722336053848,pred_only
36_y320_x64.png,0.5158075094223022,0.5437875986099243,False,False,False,0.8375000004062501,0.8441155410739664,0.006615540667716302,0.7565492287418734,0.7985546486063475,0.04200541986447415,36,1.0,2214.0,743.0,17.0,20.0,3.0,14.0,0.0335127855516448,0.2985371053218841,neither
36_y320_x128.png,0.5325851440429688,0.5394808053970337,False,False,False,0.820791311557302,0.8406150845969855,0.019823773039683523,0.7436738484363924,0.8069353289272008,0.06326148049080837,36,1.0,2134.0,753.0,13.0,19.0,5.0,9.0,0.029415670260084,0.3250764608383178,neither
36_y320_x192.png,0.47288087010383606,0.5505017638206482,False,False,False,0.8306724725915036,0.845289938470571,0.014617465879067426,0.7703005797653629,0.8272768020310596,0.05697622226569665,36,1.0,2229.0,721.0,10.0,17.0,3.0,11.0,0.0233703186772493,0.262098491191864,neither
36_y320_x256.png,0.5154318809509277,0.5619091391563416,False,False,False,0.7694822894564516,0.7900912652148859,0.020608975758434345,0.704942582601385,0.7563654480461036,0.051422865444718635,36,1.0,2003.0,724.0,10.0,18.0,4.0,10.0,0.0248618781096425,0.3342906236648559,neither
36_y320_x320.png,0.5095484852790833,0.5554776787757874,False,False,False,0.7649106526690401,0.7761816501942038,0.011270997525163695,0.7416741640788741,0.7538253791457002,0.012151215066826149,36,1.0,2222.0,754.0,13.0,14.0,2.0,10.0,0.023872678728479,0.2922801375389099,neither
36_y320_x384.png,0.4770621955394745,0.5438234210014343,False,False,False,0.8367509142636291,0.8271049777839898,-0.009645936479639294,0.8194271456431284,0.83032378321817,0.010896637575041668,36,0.996033,3212.0,812.0,14.0,14.0,2.0,10.0,0.0233990144901599,0.1263958513736724,neither
36_y384_x64.png,0.4727380573749542,0.5503284335136414,False,False,False,0.8635658918254111,0.8685199101715003,0.004954018346089217,0.7874646522739648,0.8171536248013495,0.02968897252738467,36,0.929504,2122.0,585.0,10.0,15.0,2.0,11.0,0.0262393157907809,0.1744401901960373,neither
36_y384_x128.png,0.37237367033958435,0.5383230447769165,False,False,False,0.8900656642870882,0.9054026083514746,0.015336944064386349,0.8607128190876164,0.8959442814586469,0.035231462371030475,36,1.0,2441.0,643.0,10.0,16.0,3.0,10.0,0.0256609638310892,0.1497678756713867,neither
36_y384_x192.png,0.4024381637573242,0.5322402715682983,False,False,False,0.905775076146952,0.9163241822845237,0.010549106137571762,0.8869047589718757,0.9216269810792758,0.03472222210740006,36,1.0,3024.0,720.0,11.0,15.0,2.0,11.0,0.0227083330179398,0.0964856594800949,neither
36_y384_x256.png,0.4169646203517914,0.5298131704330444,False,False,False,0.8966177410711268,0.8985462420375097,0.0019285009663828623,0.8748443310247686,0.9044209187284529,0.02957658770368432,36,1.0,3212.0,739.0,14.0,18.0,3.0,12.0,0.0286874150380593,0.0862807109951973,neither
36_y384_x320.png,0.3773297071456909,0.5254453420639038,False,False,False,0.8803858522823379,0.8899475942671945,0.009561741984856598,0.8659076506454533,0.8861480047876407,0.02024035414218739,36,0.999329,3162.0,693.0,11.0,15.0,2.0,11.0,0.0235930732526252,0.0592474751174449,neither
36_y384_x384.png,0.5169488787651062,0.5601794719696045,False,False,False,0.8635990142489749,0.8741987182007237,0.010599703951748807,0.8166278134552143,0.8477078444144994,0.031080030959285132,36,0.855469,2574.0,602.0,8.0,18.0,5.0,8.0,0.027906976280615,0.0932183116674423,neither
36_y448_x192.png,0.5195604562759399,0.4653141498565674,False,False,False,0.887859875401933,0.8894259820958188,0.0015661066938857937,0.8736133087416271,0.87480189827733,0.0011885895357028886,36,0.901917,2524.0,639.0,8.0,12.0,3.0,6.0,0.0205007821517874,0.1240301206707954,neither
36_y448_x256.png,0.5448848605155945,0.46734508872032166,False,False,False,0.8907899528744267,0.8903890568655373,-0.0004008960088894842,0.8764326616173614,0.8975644666992676,0.021131805081906152,36,0.88385,2792.0,665.0,11.0,13.0,1.0,11.0,0.0223308267318672,0.0962746515870094,neither
36_y456_x192.png,0.5272297859191895,0.47433364391326904,False,False,False,0.8864075587579825,0.8871662362464121,0.0007586774884296155,0.871989856899071,0.8702999540756232,-0.0016899028234478308,36,0.839417,2367.0,605.0,8.0,12.0,3.0,6.0,0.0216528922040844,0.1300320029258728,neither
36_y456_x256.png,0.5373483300209045,0.4765535593032837,False,False,False,0.8888033861315826,0.8875471700234959,-0.001256216108086683,0.8759954460523494,0.891922635980574,0.015927189928224617,36,0.82135,2637.0,633.0,11.0,13.0,1.0,11.0,0.0234597152691988,0.1011384651064872,neither
38_y64_x64.png,0.16684897243976593,0.48064565658569336,False,False,False,0.8159354522645716,0.8060548731974697,-0.009880579067101936,0.8314491178679433,0.8756423342688352,0.04419321640089191,38,0.812744,973.0,272.0,3.0,5.0,1.0,3.0,0.0148897053349373,0.1687398850917816,neither
38_y64_x128.png,0.21497221291065216,0.43901199102401733,False,False,False,0.8368105177570434,0.8352973421888261,-0.0015131755682172843,0.8418631348944041,0.8763657223900764,0.034502587495672254,38,0.986206,1739.0,440.0,5.0,9.0,2.0,5.0,0.0187499995738636,0.1218679472804069,neither
38_y64_x192.png,0.2639303505420685,0.44055843353271484,False,False,False,0.7991718431698451,0.8071928076743436,0.008020964504498518,0.7700748091268089,0.8059850333866083,0.035910224259799395,38,1.0,2005.0,517.0,7.0,12.0,2.0,8.0,0.0218568661149542,0.1346823871135711,neither
38_y64_x256.png,0.3067835569381714,0.42794662714004517,False,False,False,0.8067765572189183,0.8144836839193481,0.007707126700429834,0.7827632128708875,0.8094180328324387,0.02665481996155128,38,1.0,2251.0,569.0,9.0,13.0,2.0,9.0,0.0239894547629269,0.1269745081663131,neither
38_y64_x320.png,0.4226480722427368,0.4260851740837097,False,False,False,0.8485273494941666,0.844965189599312,-0.003562159894854644,0.8548216147833924,0.8788413956946612,0.024019780911268884,38,0.967651,2831.0,656.0,10.0,10.0,1.0,8.0,0.0195121948245092,0.0805830582976341,neither
38_y128_x64.png,0.4240243136882782,0.4359560012817383,False,False,False,0.7483870979337,0.7552447563144896,0.006857658380789666,0.7237076584339781,0.7700534690726073,0.04634581063862919,38,0.994751,1122.0,488.0,7.0,11.0,2.0,7.0,0.0224385241303581,0.4605582654476166,neither
38_y128_x128.png,0.5096588730812073,0.4532497525215149,False,False,False,0.7778774296625488,0.7913838896683862,0.01350646000583744,0.7563953444395619,0.7796511582578421,0.023255813818280235,38,1.0,1720.0,674.0,9.0,14.0,3.0,8.0,0.0219584566475006,0.3845422565937042,neither
38_y128_x192.png,0.530053973197937,0.4572427570819855,False,False,False,0.7979712599366627,0.7990644273887638,0.0010931674521010848,0.8023799370914579,0.7985550327303228,-0.0038249043611351397,38,1.0,2353.0,794.0,13.0,13.0,3.0,7.0,0.0232367755259851,0.287905216217041,neither
38_y128_x256.png,0.4705254137516022,0.442440927028656,False,False,False,0.8313725493502498,0.8247904895248674,-0.0065820598253824025,0.8531187088405685,0.8515090508993599,-0.0016096579412085976,38,1.0,2485.0,753.0,11.0,12.0,3.0,6.0,0.0213811418143274,0.2210964262485504,neither
38_y128_x320.png,0.4345861077308655,0.42675530910491943,False,False,False,0.8263198167055856,0.8156892615847501,-0.01063055512083555,0.8385093135151035,0.8315217359024777,-0.006987577612625806,38,1.0,2576.0,727.0,9.0,13.0,3.0,7.0,0.0198762033029408,0.1796771138906479,neither
38_y128_x384.png,0.4835343062877655,0.46581941843032837,False,False,False,0.8449669363042367,0.826890278813402,-0.018076657490834647,0.8450911203847997,0.8550852414606548,0.009994121075855067,38,0.973572,3402.0,772.0,13.0,10.0,1.0,8.0,0.0204663209784155,0.0719277709722518,neither
38_y192_x0.png,0.4684774875640869,0.6139294505119324,False,True,False,0.5852749339676148,0.6721854331772729,0.0869104992096581,0.49841269050138587,0.6444444342151677,0.14603174371378186,38,0.852173,630.0,306.0,1.0,14.0,6.0,2.0,0.0300653584945961,0.5606994032859802,pred_only
38_y192_x64.png,0.5202934145927429,0.49248170852661133,False,False,False,0.7322611176335803,0.7385892128234706,0.006328095189890304,0.6991869855538665,0.7235772292359781,0.024390243682111623,38,1.0,1107.0,533.0,7.0,17.0,5.0,7.0,0.0289868662479012,0.5515478253364563,neither
38_y192_x128.png,0.6629345417022705,0.5157866477966309,True,False,True,0.7004933061998121,0.728094576745151,0.027601270545338896,0.6752717345429909,0.7112771690809975,0.03600543453800653,38,1.0,1472.0,713.0,8.0,26.0,9.0,8.0,0.0319775591588,0.5620099902153015,oracle_only
38_y192_x192.png,0.5797283053398132,0.5428174734115601,False,False,False,0.7244318191603983,0.7490320318583878,0.02460021269798951,0.7239176669700662,0.7551454878981868,0.031227820928120598,38,1.0,1409.0,634.0,9.0,25.0,9.0,7.0,0.0369873811200728,0.5118324756622314,neither
38_y192_x256.png,0.48489996790885925,0.5184699892997742,False,False,False,0.781857452189138,0.7855153210810748,0.0036578688919367552,0.7621052578097877,0.7915789418134811,0.029473684003693434,38,1.0,1425.0,570.0,9.0,26.0,10.0,6.0,0.043157893979686,0.4326423406600952,neither
38_y192_x320.png,0.4953831136226654,0.48050200939178467,False,False,False,0.7509749310557802,0.7681081087348429,0.01713317767906275,0.6909277258281511,0.7283444350161741,0.03741670918802298,38,1.0,1951.0,691.0,11.0,20.0,5.0,10.0,0.0296671486299978,0.3278751075267792,neither
38_y192_x384.png,0.52259761095047,0.5909414291381836,False,False,False,0.8025458854314004,0.790717419285811,-0.011828466145589411,0.7915328444042836,0.8157664209758644,0.02423357657158076,38,1.0,3425.0,893.0,18.0,17.0,3.0,11.0,0.0278275472807665,0.1468513458967209,neither
38_y192_x437.png,0.6693263649940491,0.7072257995605469,True,True,True,0.7939204294532552,0.7816636480679063,-0.012256781385348914,0.7780373809052646,0.8192172873270522,0.04117990642178759,38,0.832031,3424.0,826.0,18.0,21.0,1.0,19.0,0.0298426146508158,0.110037088394165,both
38_y256_x0.png,0.4415484666824341,0.6473438739776611,False,True,False,0.7279151967498657,0.7412814295110995,0.013366232761233832,0.6809917242811285,0.7553718883409606,0.07438016405983205,38,0.87439,605.0,294.0,2.0,12.0,5.0,2.0,0.0295918357281688,0.560211181640625,pred_only
38_y256_x64.png,0.6138442754745483,0.5353565216064453,True,False,True,0.7101576194826723,0.7257383977816945,0.015580778299022158,0.6780936398152706,0.7190635391382647,0.04096989932299411,38,1.0,1196.0,595.0,10.0,24.0,8.0,8.0,0.0391596632074006,0.5978384613990784,oracle_only
38_y256_x128.png,0.7239670157432556,0.5467485189437866,True,False,True,0.7242611246370214,0.72599681108135,0.0017356864443285325,0.7065906165615297,0.7211660283829783,0.014575411821448614,38,1.0,1578.0,779.0,13.0,29.0,8.0,13.0,0.0360077017200551,0.5853369832038879,oracle_only
38_y256_x192.png,0.6093800663948059,0.5642620921134949,True,False,True,0.7479417360736488,0.7501557640182064,0.002214027944557606,0.7008902035555478,0.7145400551065872,0.013649851551039482,38,1.0,1685.0,733.0,11.0,21.0,5.0,11.0,0.0284447472244918,0.4709444940090179,oracle_only
38_y256_x256.png,0.5898274779319763,0.5491499900817871,True,False,False,0.7189542495140757,0.7320574173362941,0.013103167822218431,0.6465833898120251,0.6745040361902717,0.02792064637824654,38,1.0,1361.0,628.0,7.0,26.0,11.0,4.0,0.0372611459034849,0.5323064923286438,neither
38_y256_x320.png,0.5001923441886902,0.5040479898452759,False,False,False,0.739287870430634,0.7789291888919713,0.03964131846133723,0.6932654176951589,0.7657045797073878,0.07243916201222889,38,1.0,1767.0,659.0,11.0,19.0,7.0,5.0,0.0330045518512207,0.3673395216464996,neither
38_y256_x384.png,0.4730948209762573,0.5654613971710205,False,False,False,0.7878581176878272,0.7941410606684587,0.0062829429806314785,0.7825203225524379,0.8448509456475238,0.06233062309508597,38,1.0,2952.0,793.0,12.0,19.0,5.0,9.0,0.0266708697771643,0.1611377298831939,neither
38_y256_x437.png,0.5487027764320374,0.7010186910629272,False,True,False,0.8115737476860025,0.795094031406224,-0.01647971627977851,0.8462104457460984,0.8944076493951153,0.04819720364901692,38,0.857605,2718.0,644.0,11.0,17.0,3.0,11.0,0.0277173908739535,0.0992115661501884,pred_only
38_y320_x64.png,0.5224047303199768,0.5151363611221313,False,False,False,0.7963863801376428,0.797920728401817,0.0015343482641742012,0.7801225270243531,0.8359428125531463,0.055820285528793145,38,1.0,1469.0,620.0,10.0,18.0,5.0,8.0,0.0303225801560874,0.4514111876487732,neither
38_y320_x128.png,0.600751519203186,0.5017135143280029,True,False,True,0.8314166874690074,0.8166270788203633,-0.014789608648644093,0.8320274200194544,0.841821739266299,0.009794319246844596,38,1.0,2042.0,801.0,15.0,19.0,3.0,13.0,0.0281523092615192,0.3949429392814636,oracle_only
38_y320_x192.png,0.5934650301933289,0.4613584280014038,True,False,False,0.8154877788979283,0.8084210530349031,-0.007066725863025258,0.7821576731030802,0.7966804946195829,0.014522821516502749,38,1.0,2410.0,864.0,15.0,17.0,3.0,11.0,0.025289351559151,0.3295255899429321,neither
38_y320_x256.png,0.5860111117362976,0.4412282705307007,True,False,False,0.8067573139539406,0.8154593285806165,0.008702014626675969,0.7621642632846856,0.7843518848409813,0.022187621556295722,38,1.0,2569.0,876.0,16.0,21.0,3.0,15.0,0.0276826480858145,0.3006212413311004,neither
38_y320_x320.png,0.4529966413974762,0.4352036416530609,False,False,False,0.8459556932063271,0.8519324078100512,0.005976714603724065,0.827620964960951,0.8555107498134719,0.027889784852520805,38,1.0,2976.0,770.0,16.0,14.0,2.0,10.0,0.027272726918536,0.1423001736402511,neither
38_y320_x384.png,0.3934449553489685,0.4308137595653534,False,False,False,0.8306316381020465,0.8349073105370631,0.0042756724350165864,0.7974955248747924,0.8540250416671733,0.05652951679238094,38,0.998352,2795.0,692.0,11.0,14.0,1.0,12.0,0.0219653176016572,0.1145733669400215,neither
38_y384_x64.png,0.4133622646331787,0.5095103979110718,False,False,False,0.8725195433778727,0.8695156698874198,-0.0030038734904529463,0.877797937823364,0.9231699883655778,0.045372050542213826,38,0.92218,1653.0,495.0,4.0,11.0,3.0,5.0,0.0176767673196612,0.2097630202770233,neither
38_y384_x128.png,0.3732798993587494,0.4432068467140198,False,False,False,0.8924793231535308,0.8925373136333259,5.799047979504479e-05,0.9159099845404264,0.9443347771640948,0.02842479262366837,38,1.0,2533.0,655.0,8.0,15.0,4.0,7.0,0.0228244271324514,0.1371677964925766,neither
38_y384_x192.png,0.4333854615688324,0.3916056156158447,False,False,False,0.8881819629581963,0.8813820763822581,-0.006799886575938219,0.9044379627326272,0.9254940041286231,0.021056041395995928,38,1.0,3087.0,752.0,14.0,19.0,3.0,13.0,0.028656914512541,0.1135801821947097,neither
38_y384_x256.png,0.4857900142669678,0.37626904249191284,False,False,False,0.882414152099875,0.8775954699033026,-0.0048186821965723325,0.8983050820269216,0.9146489076433144,0.016343825616392804,38,1.0,3304.0,828.0,19.0,20.0,2.0,16.0,0.0315217387497374,0.1306399703025818,neither
38_y384_x320.png,0.3951992392539978,0.3894108831882477,False,False,False,0.8844795697251058,0.8773983741830921,-0.007081195542013696,0.9068965485969084,0.9303448243781213,0.02344827578121289,38,0.999939,2900.0,690.0,15.0,18.0,3.0,12.0,0.0321739125771896,0.1057073175907135,neither
38_y384_x384.png,0.4080515205860138,0.5131924152374268,False,False,False,0.8517392777719038,0.8707778126099232,0.019038534838019316,0.8274278160929933,0.92191600444937,0.09448818835637673,38,0.872009,1524.0,437.0,5.0,16.0,5.0,6.0,0.0299771160188302,0.2003700733184814,neither
38_y448_x192.png,0.46165594458580017,0.3978172540664673,False,False,False,0.8772398019877243,0.8758339513049779,-0.0014058506827464567,0.9192968401146749,0.9440671156849095,0.02477027557023459,38,0.911743,2503.0,581.0,12.0,13.0,1.0,11.0,0.0272805503049819,0.0890471562743187,neither
38_y448_x256.png,0.49173349142074585,0.39130091667175293,False,False,False,0.8692968925076111,0.855268726501759,-0.014028166005852105,0.9025171583408825,0.9249427875288658,0.022425629187983298,38,0.898499,2185.0,577.0,10.0,14.0,2.0,10.0,0.0259965333449474,0.1514304876327514,neither
38_y456_x192.png,0.476721853017807,0.4116092324256897,False,False,False,0.8744241941229237,0.877343750239563,0.002919556116639299,0.9160721740827856,0.9425094379248449,0.026437263842059244,38,0.849243,2383.0,550.0,11.0,14.0,2.0,10.0,0.0290909085619834,0.0881527811288833,neither
38_y456_x256.png,0.4951851963996887,0.4066741466522217,False,False,False,0.8635812942486522,0.8516189148576313,-0.01196237939102085,0.8995456794571142,0.9227662749986558,0.023220595541541655,38,0.835999,1981.0,539.0,9.0,14.0,3.0,8.0,0.027458255520255,0.1688004583120346,neither
