patch_name,sci_res2_norm,fov_ratio,sample_id,is_hard,j3_dice,j3_recall,p0_dice,p0_recall,p5_dice,p5_recall,delta_j3_p0_dice,delta_j3_p0_recall,delta_j3_p5_dice,delta_j3_p5_recall,j3_vs_p0,j3_vs_p5
21_y64_x64.png,0.4269723892211914,0.831726,21,False,0.9078470826803882,0.899880331472356,0.9113162120559466,0.9058635783571456,0.9132329637218047,0.9194256046293353,-0.003469129375558433,-0.0059832468847895726,-0.005385881041416574,-0.019545273156979293,tied,worse
21_y64_x128.png,0.4204945564270019,0.990601,21,False,0.9125094770090835,0.8899733780243319,0.9134310320087158,0.894114164761567,0.914568345451786,0.9023957382360374,-0.0009215549996323125,-0.004140786737235169,-0.0020588684427025328,-0.012422360211705508,tied,tied
21_y64_x192.png,0.3798713982105255,1.0,21,False,0.8955280687049894,0.8816035935496306,0.894508398009986,0.8879730202773585,0.8954322387779686,0.8887223645982676,0.0010196706950033052,-0.006369426727727889,9.582992702072968e-05,-0.007118771048637007,tied,tied
21_y64_x256.png,0.42139333486557,1.0,21,False,0.8801916935299686,0.891946576722191,0.8840436077620543,0.9024686325274437,0.8852852855149443,0.8947794379005283,-0.0038519142320856403,-0.010522055805252672,-0.0050935919849757205,-0.0028328611783372537,tied,worse
21_y64_x320.png,0.4316003620624542,0.964294,21,False,0.8632098768809633,0.8922919811521594,0.8684014873149901,0.8943338392325991,0.8760864169950673,0.9004594134739182,-0.005191610434026828,-0.0020418580804397735,-0.012876540114103996,-0.008167432321758872,worse,worse
21_y128_x64.png,0.3837968707084656,0.99762,21,False,0.898737892722721,0.902180315550441,0.9101602706805466,0.9119033561817814,0.9135874310247492,0.9251620479517912,-0.011422377957825636,-0.00972304063134044,-0.014849538302028176,-0.022981732401350263,worse,worse
21_y128_x128.png,0.4292093813419342,1.0,21,False,0.9114947893739387,0.9173450190440042,0.9087534798812968,0.9198497153417353,0.9149198521656599,0.9292423264582268,0.0027413094926418413,-0.0025046962977310905,-0.0034250627917211673,-0.011897307414222569,tied,tied
21_y128_x192.png,0.3863618969917297,1.0,21,False,0.8982701814286034,0.9012396656973567,0.8978176628639248,0.9095041284731233,0.898134863910361,0.90537189708524,0.000452518564678539,-0.008264462775766646,0.0001353175182423616,-0.004132231387883323,tied,tied
21_y128_x256.png,0.4006681740283966,1.0,21,False,0.8764160662296188,0.8846153800175915,0.8742667690021251,0.890852386222181,0.8736462097121036,0.8804573758811987,0.002149297227493685,-0.006237006204589446,0.002769856517515157,0.00415800413639289,tied,tied
21_y128_x320.png,0.4678260087966919,1.0,21,False,0.7944000008223999,0.8741197106151434,0.8032454369036696,0.8714788655679677,0.8035426738987814,0.8785211190271028,-0.008845436081269642,0.002640845047175655,-0.009142673076381502,-0.004401408411959462,worse,worse
21_y128_x384.png,0.5694952011108398,0.966431,21,False,0.6919163386550801,0.7536945719988354,0.6934131754885439,0.7130541784106629,0.6997084565614667,0.7389162470576817,-0.0014968368334637994,0.04064039358817251,-0.007792117906386675,0.01477832494115372,tied,worse
21_y192_x0.png,0.62925124168396,0.875671,21,True,0.875658279877621,0.8774552891308844,0.8790262730012969,0.8680738760830434,0.8858474084364482,0.8918205778603912,-0.003367993123675861,0.009381413047841014,-0.010189128558827143,-0.014365288729506709,tied,worse
21_y192_x64.png,0.3825763165950775,1.0,21,False,0.8462135925316241,0.8485202459169772,0.863814756939139,0.8570872240767631,0.8618110238940728,0.852414326898698,-0.017601164407514913,-0.00856697815978591,-0.015597431362448733,-0.0038940809817208377,worse,worse
21_y192_x128.png,0.4294058978557586,1.0,21,False,0.834048641509125,0.8893973997757636,0.829734513877046,0.8939740587797554,0.8336327709894619,0.8848207407717716,0.004314127632079057,-0.004576659003991845,0.0004158705196631862,0.004576659003991956,tied,tied
21_y192_x192.png,0.4059780240058899,1.0,21,False,0.8304042186713346,0.883177561839462,0.8175119210337584,0.8813084029784262,0.8290748906208154,0.8794392441173903,0.012892297637576267,0.0018691588610358911,0.0013293280505192184,0.0037383177220717823,better,tied
21_y192_x256.png,0.3436670303344726,1.0,21,False,0.7841726631644325,0.8268015066143931,0.788381743992995,0.8407079539733509,0.7792521123084915,0.8166877267169693,-0.004209080828562528,-0.013906447358957741,0.004920550855941008,0.010113779897423791,tied,tied
21_y192_x320.png,0.5593909621238708,1.0,21,False,0.6819747435018672,0.8284518712907689,0.6776859523159035,0.8005578688904064,0.6811000603797539,0.8117154698505513,0.004288791185963703,0.02789400240036255,0.0008746831221132512,0.016736401440217596,tied,tied
21_y192_x384.png,0.7820011973381042,1.0,21,True,0.614035089976403,0.7085020147300674,0.5873605973521648,0.6396761047277179,0.612294585439473,0.6788124064937597,0.026674492624238155,0.0688259100023495,0.0017405045369299765,0.02968960823630762,better,tied
21_y192_x437.png,0.8816248774528503,0.803406,21,True,0.6252739253084446,0.6584615283313612,0.6048324270862633,0.5969230677396451,0.5970381948788916,0.5892307601656807,0.02044149822218133,0.06153846059171608,0.028235730429552963,0.06923076816568052,better,better
21_y256_x0.png,0.5043317675590515,0.898499,21,False,0.8559001515584339,0.84851893195156,0.8515198755816058,0.819272587854246,0.8649765260751614,0.8635170571296698,0.004380275976828107,0.02924634409731408,-0.009076374516727492,-0.014998125178109722,tied,worse
21_y256_x64.png,0.3785229325294494,1.0,21,False,0.8409321178501882,0.824721777326225,0.8556869142770344,0.8342607280037331,0.8437884382046157,0.8179650205963234,-0.014754796426846184,-0.009538950677508096,-0.0028563203544275106,0.006756756729901614,worse,tied
21_y256_x128.png,0.4330912232398987,1.0,21,False,0.7992766736018233,0.8230912400084615,0.8116071436981823,0.846368707203271,0.7946469783357314,0.8016759701892368,-0.012330470096359014,-0.023277467194809498,0.0046296952660919155,0.021415269819224703,worse,tied
21_y256_x192.png,0.6142100691795349,1.0,21,True,0.754669989074284,0.7849740830961907,0.7495338735268249,0.7810880727838333,0.7318327991522007,0.7370466225771163,0.005136115547459075,0.0038860103123573575,0.02283718992208328,0.04792746051907437,better,better
21_y256_x256.png,0.5735886693000793,1.0,21,False,0.73884592659818,0.7971758562621841,0.7348668296920894,0.779204097827932,0.7282948174372591,0.7483953690834998,0.003979096906090662,0.01797175843425214,0.010551109160920946,0.04878048717868433,tied,better
21_y256_x320.png,0.6356154680252075,1.0,21,True,0.7010402546312063,0.8525852491464769,0.7022758954840878,0.831683159167402,0.70244821232369,0.8206820591784152,-0.0012356408528814145,0.020902089979074945,-0.0014079576924836967,0.03190318996806174,tied,tied
21_y256_x384.png,0.859097957611084,1.0,21,True,0.6497313158293536,0.7888493382105654,0.6390471277107865,0.7319098371066449,0.6498951800319959,0.73546855592564,0.010684188118567084,0.05693950110392043,-0.00016386420264224988,0.05338078228492538,better,tied
21_y256_x437.png,1.0,0.826477,21,True,0.600000003030303,0.7071428445153064,0.580592108712236,0.6303571316007656,0.5812973919014541,0.6160714175701533,0.019407894318067,0.07678571291454084,0.018702611128848856,0.09107142694515313,better,better
21_y320_x64.png,0.3105194270610809,1.0,21,False,0.867439933994532,0.8768844184385074,0.8809924308641874,0.8773031789057655,0.8637607920325104,0.8588777183464081,-0.013552496869655428,-0.0004187604672580836,0.0036791419620215704,0.01800670009209926,worse,tied
21_y320_x128.png,0.3334413766860962,1.0,21,False,0.8685042931122814,0.8898148106953018,0.883731410807275,0.9078703661672667,0.8691460058100414,0.8763888848315329,-0.01522711769499363,-0.018055555471964913,-0.0006417126977600329,0.013425925863768895,worse,tied
21_y320_x192.png,0.4316904842853546,1.0,21,False,0.8466707396253185,0.8896020482053784,0.8555691558887113,0.8973042304409228,0.8510504865128552,0.870988441136146,-0.008898416263392828,-0.007702182235544419,-0.0043797468875367285,0.01861360706923232,worse,tied
21_y320_x256.png,0.5058727264404297,1.0,21,False,0.8450370374961865,0.8923654512367619,0.8484848489349827,0.8936170156844992,0.8557427263223807,0.8742177667445696,-0.0034478114387961334,-0.00125156444773733,-0.01070568882619416,0.018147684492192284,tied,worse
21_y320_x320.png,0.5766934156417847,1.0,21,False,0.803488010577739,0.8769544467916082,0.8074494955572933,0.8694765406561759,0.8152661968721417,0.8640380634667705,-0.003961484979554286,0.007477906135432311,-0.011778186294402748,0.012916383324837688,tied,worse
21_y320_x384.png,0.7871647477149963,0.99469,21,True,0.6838521416155051,0.7970521451581389,0.6868792488924242,0.7448979507381185,0.7065616813303849,0.7630385401016039,-0.0030271072769191276,0.05215419442002045,-0.022709539714879767,0.03401360505653506,tied,worse
21_y384_x64.png,0.4018846154212951,0.92749,21,False,0.8274568648632525,0.8537151636709353,0.8316229576905247,0.8467492194524054,0.8270106228110371,0.84365324424417,-0.004166092827272205,0.006965944218529807,0.0004462420522154398,0.010061919426765265,tied,tied
21_y384_x128.png,0.3591182231903076,1.0,21,False,0.871064768656377,0.8793522231605172,0.8848892407340007,0.9056680125276598,0.8745476480206119,0.8805667980543853,-0.013824472077623606,-0.026315789367142628,-0.0034828793642348588,-0.0012145748938681145,worse,tied
21_y384_x192.png,0.3693583607673645,1.0,21,False,0.8887112889336438,0.8982229365984533,0.8942060512275933,0.9131663937271146,0.8876404496636427,0.8933764099621307,-0.005494762293949518,-0.014943457128661297,0.0010708392700010672,0.004846526636322568,worse,tied
21_y384_x256.png,0.4283750653266907,1.0,21,False,0.8724464377866307,0.8681209674361876,0.8699728599309824,0.8740703972529975,0.868027888774831,0.8641546808916476,0.002473577855648279,-0.005949429816809904,0.004418549011799722,0.00396628654454001,tied,tied
21_y384_x320.png,0.4398208260536194,0.998901,21,False,0.8708183225146209,0.880332981892128,0.8660274686031939,0.8694068633225449,0.8706493509853264,0.8720083201248267,0.004790853911426973,0.010926118569583143,0.00016897152929451487,0.0083246617673014,tied,tied
21_y384_x384.png,0.5617516040802002,0.848389,21,False,0.8397306402702672,0.8541095831910303,0.8348781330762852,0.8328767066241322,0.8430431807983442,0.8424657476543442,0.004852507193982003,0.021232876566898096,-0.003312540528076946,0.01164383553668602,tied,tied
21_y448_x192.png,0.5178101658821106,0.901001,21,False,0.8673094585231648,0.825251197792699,0.8778383290693954,0.8444735655549428,0.8630705397347384,0.8178243738845592,-0.01052887054623064,-0.01922236776224384,0.004238918788426416,0.007426823908139757,worse,tied
21_y448_x256.png,0.5348518490791321,0.881836,21,False,0.8619313650919623,0.8023774105875314,0.8720253837334072,0.816740956826444,0.8573692555272867,0.803863294681212,-0.01009401864144488,-0.014363546238912561,0.0045621095646756205,-0.0014858840936805562,worse,tied
21_y456_x192.png,0.5069828629493713,0.838501,21,False,0.853611645554486,0.811488246415205,0.867305061922558,0.8276762358868082,0.850555555970679,0.799477802613693,-0.013693416368071976,-0.01618798947160316,0.003056089583806987,0.01201044380151206,worse,tied
21_y456_x256.png,0.5036824345588684,0.819336,21,False,0.8447561369309655,0.7821723684641537,0.8577749688439477,0.8010625690610238,0.8389750084183012,0.7827626872328058,-0.013018831912982143,-0.018890200596870077,0.005781128512664324,-0.0005903187686521205,worse,better
22_y64_x64.png,0.4515056908130646,0.817383,22,False,0.8183856509028937,0.7799145243595832,0.8155706734105417,0.76851851304474,0.8262980955311987,0.7877492821385379,0.0028149774923520443,0.011396011314843246,-0.007912444628304982,-0.007834757778954704,tied,worse
22_y64_x128.png,0.5847282409667969,0.98822,22,True,0.7897848196032519,0.7639524210249202,0.7902439029506247,0.7410795940481262,0.7949280668253401,0.745654159443485,-0.0004590833473728795,0.022872826976794047,-0.005143247222088254,0.018298261581435216,tied,worse
22_y64_x192.png,0.5611215233802795,1.0,22,False,0.8029914534124115,0.7822647760938185,0.799648120079947,0.7568692724526674,0.8009581885867636,0.7656119868209326,0.0033433333324645043,0.025395503641151063,0.002033264825647918,0.016652789272885937,tied,tied
22_y64_x256.png,0.4473684430122375,1.0,22,False,0.8310064600312431,0.7969624268706537,0.8263069143627595,0.7833732982279245,0.8254101812675428,0.7841726587363202,0.004699545668483629,0.013589128642729209,0.00559627876370028,0.012789768134333412,tied,better
22_y64_x320.png,0.4953331053256988,0.976257,22,False,0.8130918077128617,0.7279764071950741,0.814015074732094,0.736454107126966,0.8123611395427972,0.7412458505667311,-0.0009232670192322878,-0.008477699931891958,0.0007306681700645079,-0.01326944337165703,tied,tied
22_y128_x64.png,0.54018235206604,0.995056,22,False,0.8150261535543839,0.7902259069145877,0.8146911523618147,0.787459655198434,0.8230842009860829,0.8022129976845873,0.00033500119256923977,0.0027662517161537448,-0.008058047431699022,-0.011987090769999598,tied,worse
22_y128_x128.png,0.5663115978240967,1.0,22,False,0.8315730964766109,0.8483931914994586,0.8267640841631146,0.8128544392708716,0.8387219478152873,0.8336483900429171,0.004809012313496286,0.035538752228586934,-0.007148851338676376,0.014744801456541445,tied,worse
22_y128_x192.png,0.5750489830970764,1.0,22,False,0.8314367001574738,0.8455696171950465,0.824195906754028,0.8155515341209709,0.8366345632625213,0.8325497257412305,0.007240793403445855,0.030018083074075608,-0.00519786310504744,0.01301989145381599,better,worse
22_y128_x256.png,0.5609104037284851,1.0,22,False,0.817052827030486,0.8159940732469675,0.8094415662839348,0.7808219149173568,0.8168156746874345,0.7948907782492011,0.007611260746551163,0.035172158329610737,0.00023715234305143884,0.02110329499776642,better,tied
22_y128_x320.png,0.5235212445259094,1.0,22,False,0.8117710392754871,0.7426132608581311,0.8129055518873368,0.7403151650022483,0.8190777898291486,0.7639527223770429,-0.001134512611849714,0.002298095855882809,-0.0073067505536614785,-0.021339461518911862,tied,worse
22_y128_x384.png,0.5235865712165833,0.981506,22,False,0.837273143453907,0.7551581822416555,0.8496240603765052,0.7771664352760208,0.8404395606733486,0.7889958712819921,-0.012350916922598154,-0.022008253034365266,-0.003166417219441553,-0.03383768904033657,worse,tied
22_y192_x0.png,0.8072956204414368,0.850525,22,True,0.6873589182428955,0.584452969439031,0.6944140213887513,0.6084452916655922,0.6906552111135595,0.6170825276671542,-0.007055103145855779,-0.023992322226561225,-0.0032962928706640193,-0.03262955822812319,worse,tied
22_y192_x64.png,0.7491727471351624,1.0,22,True,0.7267950971196874,0.7065834239126934,0.7392950779513688,0.7202043091929381,0.7484204487408948,0.7395005633399514,-0.012499980831681468,-0.013620885280244743,-0.021625351621207378,-0.032917139427258046,worse,worse
22_y192_x128.png,0.6265934109687805,1.0,22,True,0.7632726346158691,0.818932301491842,0.7528089894253371,0.7743533254025684,0.7757255942592992,0.8090258623608924,0.010463645190532,0.044578976089273636,-0.012452959643430073,0.009906439130949685,better,worse
22_y192_x192.png,0.5426118969917297,1.0,22,False,0.7641881646003394,0.7593486082065826,0.758104738908651,0.7334137470843561,0.7923715786146676,0.7768395610564562,0.006083425691688404,0.025934861122226427,-0.028183414014328112,-0.017490952849873675,better,worse
22_y192_x256.png,0.6109257936477661,1.0,22,True,0.7180783826862251,0.7012345635726261,0.7071672364943098,0.6395061688919372,0.7390876280305625,0.6950617241045572,0.010911146191915355,0.061728394680688914,-0.021009245344337346,0.0061728394680689025,better,worse
22_y192_x320.png,0.5993678569793701,1.0,22,True,0.7373400118604897,0.6829896872010841,0.7319735715829544,0.6567010275427783,0.7521898848482909,0.6860824706902966,0.0053664402775353,0.026288659658305846,-0.01484987298780116,-0.0030927834892124917,better,worse
22_y192_x384.png,0.577846109867096,1.0,22,False,0.8304568530377711,0.7636703100462248,0.8430953401124478,0.7890104006694841,0.832838773727796,0.7860762849131067,-0.01263848707467674,-0.02534009062325937,-0.0023819206900249634,-0.022405974866881895,worse,tied
22_y192_x437.png,0.681067943572998,0.855896,22,True,0.8334115441366939,0.7780373809052646,0.8444650589912414,0.7976051378574616,0.8403770145327196,0.8072429882966033,-0.01105351485454742,-0.019567756952196924,-0.006965470396025686,-0.029205607391338706,worse,worse
22_y256_x0.png,0.9527600407600404,0.873169,22,True,0.5472000036224,0.4803370719053782,0.5321739171115312,0.42977527486270684,0.5345394775120109,0.456460667746339,0.015026086510868786,0.050561797042671386,0.012660526110389037,0.023876404159039244,better,better
22_y256_x64.png,0.8356077671051025,1.0,22,True,0.6803472782938149,0.6739640291324157,0.6877828067141801,0.653635647743271,0.6819296824123888,0.6520719260979522,-0.007435528420365212,0.020328381389144723,-0.0015824041185739102,0.02189210303446354,worse,tied
22_y256_x128.png,0.8580194115638733,1.0,22,True,0.6645412693427514,0.7020958031280254,0.65994021053834,0.6609281387655079,0.6647080438314064,0.6773952045105149,0.004601058804411418,0.04116766436251751,-0.000166774488654986,0.024700598617510505,tied,tied
22_y256_x192.png,0.8000372052192688,1.0,22,True,0.6065747634858178,0.5789473625612616,0.5944751403620158,0.5445344074439837,0.6217780135624512,0.5981781315973873,0.012099623123802083,0.03441295511727782,-0.015203250076633368,-0.01923076903612575,better,worse
22_y256_x256.png,0.6302229166030884,1.0,22,True,0.6844726134700198,0.6696191260441176,0.6672879791831874,0.63418954265554,0.7053449076960031,0.6837909593995486,0.017184634286832368,0.0354295833885776,-0.020872294225983357,-0.01417183335543104,better,worse
22_y256_x320.png,0.5305317044258118,1.0,22,False,0.7670908559719123,0.76011729759462,0.7668455582383854,0.7542521949897232,0.7834808265974017,0.7788856259302896,0.00024529773352688355,0.00586510260489681,-0.016389970625489414,-0.01876832833566966,tied,worse
22_y256_x384.png,0.4821863174438476,1.0,22,False,0.849432689589953,0.8071095547578393,0.8444854640140202,0.7998251724946819,0.8577430974523663,0.8327505803241533,0.0049472255759327455,0.0072843822631574184,-0.008310407862413327,-0.02564102556631398,tied,worse
22_y256_x437.png,0.5935457348823547,0.877991,22,True,0.8665672138793847,0.8176415363852313,0.8504594822882883,0.796058802639791,0.8670855487883268,0.8417266160721719,0.016107731591096464,0.021582733745440286,-0.0005183349089420419,-0.024085079686940625,better,tied
22_y320_x64.png,0.5738767385482788,1.0,22,False,0.7663438263730514,0.7829313495180498,0.7790476197490552,0.7588126112627545,0.7625313290647515,0.7526283194024223,-0.012703793376003802,0.024118738255295313,0.0038124973082999114,0.030303030115627516,worse,tied
22_y320_x128.png,0.6539981365203857,1.0,22,True,0.7731343289225514,0.810218973877899,0.7773797344488748,0.791970798790559,0.7751464227778293,0.7935349280837595,-0.004245405526323354,0.01824817508734,-0.0020120938552778966,0.016684045794139513,tied,tied
22_y320_x192.png,0.5466936230659485,1.0,22,False,0.7992007997022957,0.8277289144970051,0.7955942628186623,0.8034143776336555,0.8027770640196012,0.8075530222061406,0.0036065368836334377,0.02431453686334961,-0.003576264317305511,0.020175892290864583,tied,tied
22_y320_x256.png,0.5516217947006226,1.0,22,False,0.793969849821413,0.7917594610703816,0.7907902223115685,0.7744988821018993,0.781140862103781,0.7472160314742983,0.0031796275098445737,0.01726057896848232,0.012828987717632079,0.04454342959608337,tied,better
22_y320_x320.png,0.4787483215332031,1.0,22,False,0.8330150650689263,0.8111570214414998,0.8284625162463735,0.8082644594699815,0.8330494041033872,0.8082644594699815,0.004552548822552849,0.002892561971518326,-3.433903446092845e-05,0.002892561971518326,tied,tied
22_y320_x384.png,0.3685938417911529,0.999146,22,False,0.8939125297075761,0.8650271636687813,0.8799762330956978,0.8470117219130348,0.8895298530580763,0.8818987678527344,0.01393629661187823,0.018015441755746542,0.0043826766494997615,-0.01687160418395306,better,tied
22_y384_x64.png,0.5000293254852295,0.917847,22,False,0.7916145187997042,0.7606734770855473,0.7916270225447922,0.7504509876701685,0.7919379851412776,0.7678893519669913,-1.250374508798835e-05,0.010222489415378844,-0.00032346634157331966,-0.007215874881443929,tied,tied
22_y384_x128.png,0.5021559000015259,1.0,22,False,0.8275862072612944,0.8242730685871341,0.8281786945271077,0.8124736586073591,0.8257383969921132,0.8246944760864118,-0.0005924872658132907,0.011799409979775022,0.0018478102691812381,-0.0004214074992776595,tied,tied
22_y384_x192.png,0.5025299191474915,1.0,22,False,0.861810755851241,0.8659370695419388,0.8583261434713958,0.8505471927135868,0.8610204434615694,0.8570451407077799,0.003484612379845209,0.015389876828352023,0.0007903123896716435,0.008891928834158902,tied,tied
22_y384_x256.png,0.5207538604736328,1.0,22,False,0.8666222076248379,0.8441052262289535,0.8628454454745045,0.8213705721943144,0.8607637717797165,0.8272166260889359,0.0037767621503334015,0.022734654034639035,0.005858435845121357,0.016888600140017584,tied,better
22_y384_x320.png,0.5111030340194702,1.0,22,False,0.8559057848009944,0.855609415319912,0.8539445631593024,0.8320637090302503,0.8538011698497232,0.8341412713499263,0.0019612216416919903,0.023545706289661683,0.002104614951271233,0.021468143969985642,tied,tied
22_y384_x384.png,0.4652696251869201,0.877319,22,False,0.8761061949394485,0.8933552055235635,0.8842924434071422,0.885561932380796,0.8752019388626778,0.8888433105461717,-0.008186248467693669,0.007793273142767565,0.0009042560767706931,0.004511894977391795,worse,tied
22_y448_x192.png,0.5547835826873779,0.900513,22,False,0.8455560955668867,0.8366170070321143,0.8448275865890946,0.8241230138196876,0.846043165836827,0.8476693856431071,0.0007285089777920861,0.012493993212426724,-0.0004870702699403262,-0.011052378610992841,tied,tied
22_y448_x256.png,0.5562225580215454,0.890625,22,False,0.8648872338818804,0.8410462742815038,0.8611346319620352,0.8185110631045832,0.8679012348397094,0.8486921495022448,0.0037526019198451666,0.02253521117692059,-0.0030140009578289995,-0.007645875220741005,tied,tied
22_y456_x192.png,0.5525642037391663,0.838013,22,False,0.8458781366256461,0.8400876186194545,0.8372223788663976,0.8154435880862893,0.8475129115316311,0.8537787466934351,0.008655757759248539,0.024644030533165218,-0.0016347749059849592,-0.013691128073980652,better,tied
22_y456_x256.png,0.5519362688064575,0.828125,22,False,0.8438399167045778,0.828028743182604,0.8397849466672448,0.8018480451650511,0.8481404962599677,0.8429158067612125,0.004054970037333017,0.02618069801755285,-0.004300579555389872,-0.014887063578608473,tied,tied
36_y64_x64.png,0.5902696251869202,0.837891,36,True,0.8630565586930048,0.8176014554600937,0.8565143000329644,0.7989056051121495,0.8651605235073473,0.8294573605587899,0.006542258660040434,0.018695850347944187,-0.002103964814342496,-0.011855905098696273,better,tied
36_y64_x128.png,0.536357045173645,0.991943,36,False,0.8666297733506184,0.8207547141133658,0.861389818169101,0.8099231278479275,0.8620120948103132,0.8218029321390533,0.0052399551815174306,0.010831586265438231,0.004617678540305259,-0.0010482180256875528,better,tied
36_y64_x192.png,0.5173846483230591,1.0,36,False,0.8496254342232314,0.7770721899162025,0.8441510820605957,0.7693850241664939,0.8352532458671544,0.7633689814058523,0.005474352162635698,0.007687165749708624,0.01437218835607701,0.013703208510350229,better,better
36_y64_x256.png,0.490077406167984,1.0,36,False,0.8358539287424309,0.7606579363522727,0.8435599781765986,0.7683786479745597,0.8348370468885342,0.7609936194662852,-0.007706049434167639,-0.007720711622286935,0.0010168818538967006,-0.00033568311401244166,worse,tied
36_y64_x320.png,0.4987162053585052,0.969055,36,False,0.8684948584161812,0.8144359999578141,0.8775222901962736,0.8196960817659378,0.8703391132878024,0.8287551115465952,-0.009027431780092354,-0.005260081808123651,-0.0018442548716212093,-0.014319111588781075,worse,tied
36_y128_x64.png,0.5165954232215881,0.998169,36,False,0.8297182751689895,0.762603112911993,0.8264379419111051,0.7506874392727431,0.8367296836809975,0.780934918510839,0.00328033325788446,0.011915673639249946,-0.007011408512007988,-0.01833180559884595,tied,worse
36_y128_x128.png,0.5565809607505798,1.0,36,False,0.8480794133619349,0.8020408130528945,0.8473465825565701,0.7918367314618908,0.8463377529964405,0.7946938743073719,0.0007328308053647925,0.010204081591003722,0.0017416603654943907,0.007346938745522613,tied,tied
36_y128_x192.png,0.5807345509529114,1.0,36,False,0.8268204146341653,0.7970358139273946,0.8213596401000223,0.7883902808217773,0.8213447175638321,0.7920955092956133,0.005460774534143065,0.008645533105617331,0.005475697070333241,0.0049403046317813,better,better
36_y128_x256.png,0.4951446652412414,1.0,36,False,0.8137054689954495,0.7725118450128744,0.822121896564059,0.7845756105791658,0.819077474654999,0.7880224007409633,-0.008416427568609497,-0.012063765566291407,-0.005372005659549539,-0.015510555728088904,worse,worse
36_y128_x320.png,0.413619190454483,1.0,36,False,0.8465816162142924,0.828159997349888,0.8756433672992805,0.8438399972997119,0.8493937462517649,0.851839997274112,-0.029061751084988097,-0.015679999949823942,-0.0028121300374724933,-0.023679999924223982,worse,tied
36_y128_x384.png,0.4373364746570587,0.971802,36,False,0.8713003885478768,0.8723518346142348,0.8985946543144191,0.8744971818865723,0.8719416971994512,0.898364170291327,-0.02729426576654226,-0.0021453472723375056,-0.0006413086515744126,-0.026012335677092158,worse,tied
36_y192_x0.png,0.5589815378189087,0.882019,36,False,0.7468354441824798,0.6655922589396273,0.7651549179831391,0.6865431048626663,0.7239858918695506,0.6615632501082735,-0.018319473800659236,-0.020950845923039085,0.022849552312929178,0.004029008831353709,worse,better
36_y192_x64.png,0.5307239294052124,1.0,36,False,0.7620320863568446,0.6909090867217631,0.7718832898810236,0.7054545411790634,0.7620902312168445,0.7115151472029385,-0.009851203524179009,-0.014545454457300266,-5.814485999988683e-05,-0.020606060481175414,worse,tied
36_y192_x128.png,0.5655413866043091,1.0,36,False,0.8074927959438248,0.7757475040102575,0.8143851513503911,0.7774086335691659,0.80489888976104,0.7823920222458913,-0.006892355406566297,-0.001661129558908403,0.0025939061827848775,-0.006644518235633834,worse,tied
36_y192_x192.png,0.5530785918235779,1.0,36,False,0.7757685359380092,0.7795275543335702,0.7730518479569952,0.7540884266863209,0.7737313439590109,0.7849787959722665,0.0027166879810139877,0.025439127647249316,0.0020371919789983206,-0.005451241638696258,tied,tied
36_y192_x256.png,0.4523341357707977,1.0,36,False,0.7583401145691887,0.715821808930764,0.7734288870633163,0.7183819727681414,0.7635972004211169,0.7260624642802741,-0.015088772494127545,-0.0025601638373774493,-0.005257085851928189,-0.01024065534951013,worse,worse
36_y192_x320.png,0.3494843244552612,1.0,36,False,0.7860441257412927,0.7302192529541502,0.8137034263223221,0.7755004729480435,0.753981460057092,0.7559580516875212,-0.02765930058102939,-0.04528121999389323,0.032062665684200686,-0.025738798733370927,worse,better
36_y192_x384.png,0.3994360566139221,1.0,36,False,0.8682939915929533,0.8291495880400881,0.8807938374712184,0.8639856535246269,0.834086345589751,0.8511782765082523,-0.012499845878265137,-0.03483606548453877,0.03420764600320225,-0.022028688468164193,worse,better
36_y192_x437.png,0.5238466262817383,0.819275,36,False,0.865982204153344,0.820067407777891,0.8837653480439763,0.8397718412243406,0.849470899670012,0.8325123131124907,-0.01778314389063229,-0.019704433446449565,0.016511304483332045,-0.012444905334599743,worse,better
36_y256_x0.png,0.60186368227005,0.903198,36,True,0.7676027685486252,0.7231595036567523,0.7745713100185223,0.7101226939407769,0.7240506340757357,0.6579754550768754,-0.006968541469897116,0.013036809715975428,0.043552134472889525,0.06518404857987692,worse,better
36_y256_x64.png,0.5731769800186157,1.0,36,False,0.8023471284671182,0.755232553748648,0.8003778343816819,0.7389534840758518,0.7800751886589123,0.7238372050939698,0.001969294085436335,0.01627906967279613,0.022271939808205854,0.03139534865467819,tied,better
36_y256_x128.png,0.5993478894233704,1.0,36,True,0.7645074231966686,0.7011138570475628,0.7695445283156203,0.7004950451702039,0.7598310050054241,0.7233910846324809,-0.0050371051189516125,0.0006188118773589046,0.004676418191244536,-0.022277227584918124,worse,tied
36_y256_x192.png,0.5283802151679993,1.0,36,False,0.7247386770238533,0.6540880457436196,0.7230460932944044,0.6303284372443855,0.7074268578116021,0.6589797298464031,0.0016925837294489154,0.023759608499234086,0.017311819212251223,-0.004891684102783511,tied,better
36_y256_x256.png,0.5275992155075073,1.0,36,False,0.7202572356261825,0.6462781266804494,0.7118983966848316,0.6145412543881059,0.6970767757883817,0.6260819352216853,0.008358838941350921,0.031736872292343454,0.023180459837800815,0.020196191458764057,better,better
36_y256_x320.png,0.4755246341228485,1.0,36,False,0.7127272735308329,0.6687664006888903,0.7342968323115708,0.6934383165698776,0.684859617725375,0.685039366482733,-0.021569558780737963,-0.024671915880987383,0.027867655805457914,-0.016272965793842742,worse,better
36_y256_x384.png,0.4565361738204956,1.0,36,False,0.8311173976929033,0.8064781751126044,0.8479313686897311,0.8410650539635876,0.8149058151584687,0.8193796299220981,-0.0168139709968278,-0.034586878850983105,0.016211582534434554,-0.012901454809493673,worse,better
36_y256_x437.png,0.5837335586547852,0.841125,36,True,0.8567756677755595,0.8262186702665417,0.8752660708453724,0.8493527930340049,0.857182822972188,0.8438446685655613,-0.018490403069812977,-0.023134122767463183,-0.00040715519662848365,-0.017625998299019563,worse,tied
36_y320_x64.png,0.5158075094223022,1.0,36,False,0.8483240900691487,0.7944896079743016,0.8375000004062501,0.7565492287418734,0.8358655047674582,0.7579042422858886,0.010824089662898606,0.03794037923242821,0.012458585301690417,0.036585365688412974,better,better
36_y320_x128.png,0.5325851440429688,1.0,36,False,0.8261748362148185,0.7661668192775687,0.820791311557302,0.7436738484363924,0.8258455329988755,0.7666354228367599,0.005383524657516459,0.022492970841176296,0.0003293032159429332,-0.0004686035591912052,better,tied
36_y320_x192.png,0.472880870103836,1.0,36,False,0.8379728769022773,0.7900403733062342,0.8306724725915036,0.7703005797653629,0.8280952385045353,0.7801704765357986,0.007300404310773723,0.019739793540871298,0.009877638397742028,0.009869896770435593,better,better
36_y320_x256.png,0.5154318809509277,1.0,36,False,0.7853211014801544,0.747878178992121,0.7694822894564516,0.704942582601385,0.7712695473859805,0.726410380796753,0.015838812023702853,0.042935596390735964,0.014051554094173913,0.021467798195367926,better,better
36_y320_x320.png,0.5095484852790833,1.0,36,False,0.7620826529019785,0.7344734440392734,0.7649106526690401,0.7416741640788741,0.7647191523466746,0.7628262791952012,-0.0028279997670616064,-0.007200720039600705,-0.0026364994446961276,-0.02835283515592779,tied,tied
36_y320_x384.png,0.4770621955394745,0.996033,36,False,0.8279911142050284,0.8122664980938153,0.8367509142636291,0.8194271456431284,0.8260936778078626,0.8318804457288902,-0.008759800058600775,-0.007160647549313004,0.0018974363971657748,-0.019613947635074847,worse,tied
36_y384_x64.png,0.4727380573749542,0.929504,36,False,0.879620379921028,0.8298774701702286,0.8635658918254111,0.7874646522739648,0.861011753037783,0.7940622017244947,0.016054488095616937,0.04241281789626383,0.01860862688324505,0.035815268445733905,better,better
36_y384_x128.png,0.3723736703395843,1.0,36,False,0.8982412062432136,0.8787382184402366,0.8900656642870882,0.8607128190876164,0.9014912835507429,0.8791478866073417,0.008175541956125354,0.018025399352620153,-0.003250077307529353,-0.0004096681671050817,better,tied
36_y384_x192.png,0.4024381637573242,1.0,36,False,0.9094294905884045,0.8882275102902529,0.905775076146952,0.8869047589718757,0.9097946820770874,0.8938492033933557,0.003654414441452536,0.0013227513183772244,-0.0003651914886828589,-0.005621693103102787,tied,tied
36_y384_x256.png,0.4169646203517914,1.0,36,False,0.8940428913517984,0.8760896610333447,0.8966177410711268,0.8748443310247686,0.8974520291012079,0.8882316286169625,-0.0025748497193284203,0.0012453300085761843,-0.003409137749409541,-0.012141967583617741,tied,tied
36_y384_x320.png,0.3773297071456909,0.999329,36,False,0.885899513961265,0.8643263729780949,0.8803858522823379,0.8659076506454533,0.8878754522914366,0.8927893709905459,0.005513661678927084,-0.0015812776673583828,-0.0019759383301716227,-0.028462998012451002,better,tied
36_y384_x384.png,0.5169488787651062,0.855469,36,False,0.8768071678338278,0.8364413331917585,0.8635990142489749,0.8166278134552143,0.8757491013269095,0.85159284828441,0.013208153584852944,0.019813519736544216,0.0010580665069183093,-0.015151515092651446,better,tied
36_y448_x192.png,0.5195604562759399,0.901917,36,False,0.8851132688407903,0.8668779680393107,0.887859875401933,0.8736133087416271,0.8856447690883115,0.8652931819917068,-0.0027466065611426727,-0.006735340702316406,-0.0005315002475211328,0.0015847860476039255,tied,tied
36_y448_x256.png,0.5448848605155945,0.88385,36,False,0.8921852389794044,0.8832378191861109,0.8907899528744267,0.8764326616173614,0.8899065764976981,0.8699856702364409,0.0013952861049776333,0.0068051575687494426,0.002278662481706273,0.013252148949669973,tied,tied
36_y456_x192.png,0.5272297859191895,0.839417,36,False,0.8807932746695555,0.86311786707597,0.8864075587579825,0.871989856899071,0.8816785639591639,0.8610054885466603,-0.005614284088427013,-0.008871989823101,-0.0008852892896084041,0.0021123785293097885,worse,tied
36_y456_x256.png,0.5373483300209045,0.82135,36,False,0.8894000385482077,0.8797876341304981,0.8888033861315826,0.8759954460523494,0.887074830151458,0.865377319433533,0.0005966524166250986,0.0037921880781487394,0.002325208396749656,0.014410314696965076,tied,tied
38_y64_x64.png,0.1668489724397659,0.812744,38,False,0.8068796078286015,0.8437821084914481,0.8159354522645716,0.8314491178679433,0.8285280737049667,0.8417266100541972,-0.009055844435970184,0.012332990623504791,-0.021648465876365264,0.0020554984372508356,worse,worse
38_y64_x128.png,0.2149722129106521,0.986206,38,False,0.8363534992016909,0.8625646873918075,0.8368105177570434,0.8418631348944041,0.8324022351050216,0.8568142561425287,-0.00045701855535251745,0.020701552497403353,0.003951264096669238,0.005750431249278765,tied,tied
38_y64_x192.png,0.2639303505420685,1.0,38,False,0.8224582705552396,0.8109725645338027,0.7991718431698451,0.7700748091268089,0.8116237578087593,0.7940149586333418,0.023286427385394437,0.04089775540699381,0.010834512746480285,0.016957605900460915,better,better
38_y64_x256.png,0.3067835569381714,1.0,38,False,0.8181818185929856,0.8036428218407693,0.8067765572189183,0.7827632128708875,0.8189556019807785,0.7907596588593528,0.011405261374067277,0.020879608969881835,-0.0007737833877929923,0.012883162981416452,better,tied
38_y64_x320.png,0.4226480722427368,0.967651,38,False,0.8419410747973292,0.8580007034334132,0.8485273494941666,0.8548216147833924,0.8528486545738402,0.8618862562278832,-0.00658627469683748,0.0031790886500208115,-0.010907579776511023,-0.003885552794470004,worse,worse
38_y128_x64.png,0.4240243136882782,0.994751,38,False,0.754833041498976,0.7655971411265852,0.7483870979337,0.7237076584339781,0.7776210635748891,0.7370766422720442,0.006445943565276058,0.04188948269260706,-0.022788022075913128,0.028520498854541,better,worse
38_y128_x128.png,0.5096588730812073,1.0,38,False,0.788856305604527,0.7819767396396702,0.7778774296625488,0.7563953444395619,0.8031448448649989,0.7720930187669011,0.010978875941978217,0.02558139520010827,-0.01428853926047191,0.00988372087276912,better,worse
38_y128_x192.png,0.530053973197937,1.0,38,False,0.8014303748392294,0.8096047564402687,0.7979712599366627,0.8023799370914579,0.8145091229050628,0.7968550752364849,0.0034591149025666734,0.007224819348810807,-0.013078748065833423,0.012749681203783836,tied,worse
38_y128_x256.png,0.4705254137516022,1.0,38,False,0.8290398129800159,0.8547283667817771,0.8313725493502498,0.8531187088405685,0.8351340539513125,0.8398390308255974,-0.002332736370233901,0.0016096579412085976,-0.006094240971296516,0.014889335956179695,tied,worse
38_y128_x320.png,0.4345861077308655,1.0,38,False,0.8118393238288693,0.8198757732147679,0.8263198167055856,0.8385093135151035,0.8107896798069005,0.8051242204770022,-0.014480492876716378,-0.018633540300335594,0.0010496440219687209,0.014751552737765738,worse,tied
38_y128_x384.png,0.4835343062877655,0.973572,38,False,0.835584263306541,0.8365667229965704,0.8449669363042367,0.8450911203847997,0.8289163724544812,0.8274544361332908,-0.009382672997695685,-0.008524397388229299,0.006667890852059766,0.009112286863279584,worse,better
38_y192_x0.png,0.4684774875640869,0.852173,38,False,0.656565659456518,0.6190476092214665,0.5852749339676148,0.49841269050138587,0.6560283718437201,0.58730157797934,0.07129072548890325,0.12063491872008064,0.0005372876127979209,0.03174603124212649,better,tied
38_y192_x64.png,0.5202934145927429,1.0,38,False,0.732574033109002,0.7262872563117683,0.7322611176335803,0.6991869855538665,0.73091976648278,0.6747967418717549,0.0003129154754217822,0.02710027075790178,0.001654266626222034,0.0514905144400134,tied,tied
38_y192_x128.png,0.6629345417022705,1.0,38,True,0.7351425636030829,0.7269021689748494,0.7004933061998121,0.6752717345429909,0.7213352695162,0.6752717345429909,0.03464925740327085,0.05163043443185844,0.01380729408688297,0.05163043443185844,better,better
38_y192_x192.png,0.5797283053398132,1.0,38,False,0.7409200977484605,0.7601135503185695,0.7244318191603983,0.7239176669700662,0.7584229399339679,0.7508871486807158,0.016488278588062122,0.03619588334850332,-0.01750284218550746,0.00922640163785371,better,worse
38_y192_x256.png,0.4848999679088592,1.0,38,False,0.7793296097090446,0.7831578892409973,0.781857452189138,0.7621052578097877,0.7804878056539845,0.7747368366685135,-0.002527842480093412,0.021052631431209612,-0.0011581959449398216,0.008421052572483823,tied,tied
38_y192_x320.png,0.4953831136226654,1.0,38,False,0.7531335156590367,0.7083546862718878,0.7509749310557802,0.6909277258281511,0.756473829871973,0.7037416673308987,0.0021585846032565748,0.017426960443736705,-0.003340314212936235,0.004613018940989089,tied,tied
38_y192_x384.png,0.52259761095047,1.0,38,False,0.8060713235984802,0.7985401436538974,0.8025458854314004,0.7915328444042836,0.7972773012765947,0.7865693407691405,0.003525438167079842,0.007007299249613741,0.00879402232188553,0.011970802884756826,tied,better
38_y192_x437.png,0.6693263649940491,0.832031,38,True,0.8071697025048139,0.8154205583661782,0.7939204294532552,0.7780373809052646,0.780034823302329,0.785046726679186,0.013249273051558652,0.037383177460913575,0.02713487920248492,0.03037383168699226,better,better
38_y256_x0.png,0.4415484666824341,0.87439,38,False,0.7242869513890496,0.6925619720237691,0.7279151967498657,0.6809917242811285,0.7307032613147233,0.7041322197664096,-0.0036282453608160736,0.011570247742640594,-0.006416309925673658,-0.011570247742640483,tied,worse
38_y256_x64.png,0.6138442754745483,1.0,38,True,0.7187370182021727,0.7232441411099988,0.7101576194826723,0.6780936398152706,0.7159292047967734,0.6764213990265769,0.00857939871950042,0.045150501294728196,0.002807813405399373,0.04682274208342185,better,tied
38_y256_x128.png,0.7239670157432556,1.0,38,True,0.741110418773829,0.7528517062556926,0.7242611246370214,0.7065906165615297,0.7254707640387488,0.6958174860848069,0.01684929413680758,0.04626108969416298,0.015639654735080222,0.057034220170885774,better,better
38_y256_x192.png,0.6093800663948059,1.0,38,True,0.7674278853142191,0.7578634969859733,0.7479417360736488,0.7008902035555478,0.7490518339157654,0.7032640907818155,0.01948614924057035,0.056973293430425564,0.018376051398453774,0.05459940620415782,better,better
38_y256_x256.png,0.5898274779319763,1.0,38,True,0.7273413907577742,0.707567959532932,0.7189542495140757,0.6465833898120251,0.716029293262696,0.6465833898120251,0.008387141243698437,0.06098456972090682,0.01131209749507811,0.06098456972090682,better,better
38_y256_x320.png,0.5001923441886902,1.0,38,False,0.7553252741642911,0.7425014106253457,0.739287870430634,0.6932654176951589,0.7698695143242305,0.7345783772802582,0.01603740373365703,0.04923599293018677,-0.014544240159939381,0.007923033345087482,better,worse
38_y256_x384.png,0.4730948209762573,1.0,38,False,0.8071629915318139,0.8245257424643436,0.7878581176878272,0.7825203225524379,0.808865189453649,0.8221544687596393,0.019304873843986714,0.04200541991190576,-0.0017021979218351246,0.0023712737047043575,better,tied
38_y256_x437.png,0.5487027764320374,0.857605,38,False,0.8242444710041458,0.8980868252461852,0.8115737476860025,0.8462104457460984,0.8146275702483526,0.8892568032036173,0.012670723318143229,0.05187637950008683,0.009616900755793134,0.008830022042567887,better,better
38_y320_x64.png,0.5224047303199768,1.0,38,False,0.7887788785848882,0.8134785513037539,0.7963863801376428,0.7801225270243531,0.7941276893338078,0.791695025243737,-0.007607501552754692,0.033356024279400764,-0.005348810748919686,0.021783526060016878,worse,worse
38_y320_x128.png,0.600751519203186,1.0,38,True,0.8241444871099229,0.8491674787014325,0.8314166874690074,0.8320274200194544,0.8284435608442478,0.8158667932621607,-0.007272200359084491,0.0171400586819781,-0.00429907373432481,0.03330068543927178,worse,tied
38_y320_x192.png,0.5934650301933289,1.0,38,True,0.8175335574296696,0.8087136895903996,0.8154877788979283,0.7821576731030802,0.8077007223633763,0.7659751005561198,0.0020457785317412602,0.026556016487319423,0.009832835066293288,0.04273858903427974,tied,better
38_y320_x256.png,0.5860111117362976,1.0,38,True,0.8051844470484857,0.7859089109151073,0.8067573139539406,0.7621642632846856,0.8049187165383104,0.751654337284335,-0.0015728669054548838,0.023744647630421722,0.00026573051017531046,0.034254573630772334,tied,tied
38_y320_x320.png,0.4529966413974762,1.0,38,False,0.850681742848883,0.8595430078644387,0.8459556932063271,0.827620964960951,0.8632680623509992,0.8592069863601915,0.004726049642555852,0.03192204290348766,-0.012586319502116194,0.0003360215042471637,tied,worse
38_y320_x384.png,0.3934449553489685,0.998352,38,False,0.8470003552591403,0.8536672599153228,0.8306316381020465,0.7974955248747924,0.8547038949765181,0.8597495496967815,0.01636871715709376,0.05617173504053041,-0.007703539717377805,-0.0060822897814587495,better,worse
38_y384_x64.png,0.4133622646331787,0.92218,38,False,0.8706365506874845,0.897761640061938,0.8725195433778727,0.877797937823364,0.8724106878642729,0.8790078591711563,-0.0018829926903882743,0.01996370223857402,-0.0017741371767884262,0.018753780890781724,tied,tied
38_y384_x128.png,0.3732798993587494,1.0,38,False,0.8954770051397244,0.9301223808522605,0.8924793231535308,0.9159099845404264,0.8943469787634561,0.9056454760929905,0.0029976819861935455,0.01421239631183413,0.001130026376268245,0.024476904759270002,tied,tied
38_y384_x192.png,0.4333854615688324,1.0,38,False,0.8842171322808015,0.9128603792910256,0.8881819629581963,0.9044379627326272,0.8844189018447974,0.8973113025678285,-0.003964830677394837,0.008422416558398371,-0.00020176956399597934,0.015549076723197053,tied,tied
38_y384_x256.png,0.4857900142669678,1.0,38,False,0.8765377206513447,0.894975784216175,0.882414152099875,0.8983050820269216,0.8847528292365205,0.8992130723389434,-0.005876431448530228,-0.0033292978107466453,-0.008215108585175823,-0.004237288122768468,worse,worse
38_y384_x320.png,0.3951992392539978,0.999939,38,False,0.8822055139812773,0.9103448244470868,0.8844795697251058,0.9068965485969084,0.8945203227011349,0.9372413760784779,-0.0022740557438284403,0.003448275850178373,-0.012314808719857573,-0.026896551631391152,tied,worse
38_y384_x384.png,0.4080515205860138,0.872009,38,False,0.8798474256838925,0.9081364769807317,0.8517392777719038,0.8274278160929933,0.8803858524746435,0.8982939573602758,0.02810814791198868,0.08070866088773843,-0.000538426790751001,0.009842519620455903,better,tied
38_y448_x192.png,0.4616559445858001,0.911743,38,False,0.8770195782607497,0.9216939635569558,0.8772398019877243,0.9192968401146749,0.8778349535394798,0.9200958812621018,-0.000220223726974611,0.002397123442280824,-0.0008153752787301016,0.0015980822948539197,tied,tied
38_y448_x256.png,0.4917334914207458,0.898499,38,False,0.8596988874979297,0.9016018265372914,0.8692968925076111,0.9025171583408825,0.8682306514618929,0.9061784855552472,-0.009598005009681443,-0.0009153318035911573,-0.008531763963963268,-0.0045766590179557864,worse,worse
38_y456_x192.png,0.476721853017807,0.849243,38,False,0.8739529320423755,0.9194292869516185,0.8744241941229237,0.9160721740827856,0.8717743551274768,0.9143936176483691,-0.0004712620805482626,0.00335711286883289,0.0021785769148986445,0.0050356693032493904,tied,tied
38_y456_x256.png,0.4951851963996887,0.835999,38,False,0.8548812668388553,0.8995456794571142,0.8635812942486522,0.8995456794571142,0.8631984589036646,0.9045936350096233,-0.008700027409796807,0.0,-0.008317192064809298,-0.005047955552509142,worse,worse
